County Name,County Code Number,State FIPS Code,County FIPS Code,County Code,Latitude/Longitude,New Diagnoses HIV Disease Count,New Diagnoses HIV Disease Description,Prevalence HIV Disease Count ,Prevalence HIV Disease Description ,New Diagnoses HIV Disease Among IDU Count ,New Diagnoses HIV Disease Among IDU Description ,Prevalence HIV Disease Among IDU Count,Prevalence HIV Disease Among IDU Description,Year
Adams,1,42,001,01,"(39.8720956503, -77.2222427076)",5,Individuals with New Diagnoses HIV Disease,71,Individuals with Prevalence HIV Disease,,Non Report. Suppressed count for New Diagnoses HIV Disease among IDU,15,Individuals with  Prevalence HIV Disease Among IDU,2012
Adams,1,42,001,01,"(39.8720956503, -77.2222427076)",,Non Report. Suppressed count for Individuals New Diagnoses HIV Disease,72,Individuals with Prevalence HIV Disease,,Non Report. Suppressed count for New Diagnoses HIV Disease among IDU,15,Individuals with Prevalence HIV Disease Among IDU,2013
Adams,1,42,001,01,"(39.8720956503, -77.2222427076)",5,Individuals with New Diagnoses HIV Disease,75,Individuals with Prevalence HIV Disease,,Non Report. Suppressed count for New Diagnoses HIV Disease among IDU,15,Individuals with  Prevalence HIV Disease Among IDU,2014
Adams,1,42,001,01,"(39.8720956503, -77.2222427076)",,Non Report. Suppressed count for Individuals New Diagnoses HIV Disease,76,Individuals with Prevalence HIV Disease,,Non Report. Suppressed count for New Diagnoses HIV Disease among IDU,15,Individuals with  Prevalence HIV Disease Among IDU,2015
Adams,1,42,001,01,"(39.8720956503, -77.2222427076)",7,Individuals with New Diagnoses HIV Disease,83,Individuals with Prevalence HIV Disease,,Non Report. Suppressed count for New Diagnoses HIV Disease among IDU,15,Individuals with  Prevalence HIV Disease Among IDU,2016
Allegheny,2,42,003,02,"(40.4673554298, -79.9861984282)",128,Individuals with New Diagnoses HIV Disease,2709,Individuals with Prevalence HIV Disease,,Non Report. Suppressed count for New Diagnoses HIV Disease among IDU,328,Individuals with  Prevalence HIV Disease Among IDU,2014
Allegheny,2,42,003,02,"(40.4673554298, -79.9861984282)",127,Individuals with New Diagnoses HIV Disease,2910,Individuals with Prevalence HIV Disease,5,Individuals with New Diagnoses HIV Disease among IDU,328,Individuals with Prevalence HIV Disease Among IDU,2016
Allegheny,2,42,003,02,"(40.4673554298, -79.9861984282)",142,Individuals with New Diagnoses HIV Disease,2817,Individuals with Prevalence HIV Disease,10,Individuals with New Diagnoses HIV Disease among IDU,331,Individuals with  Prevalence HIV Disease Among IDU,2015
Allegheny,2,42,003,02,"(40.4673554298, -79.9861984282)",123,Individuals with New Diagnoses HIV Disease,2546,Individuals with Prevalence HIV Disease,,Non Report. Suppressed count for New Diagnoses HIV Disease among IDU,332,Individuals with  Prevalence HIV Disease Among IDU,2012
Allegheny,2,42,003,02,"(40.4673554298, -79.9861984282)",119,Individuals with New Diagnoses HIV Disease,2622,Individuals with Prevalence HIV Disease,8,Individuals with New Diagnoses HIV Disease among IDU,333,Individuals with Prevalence HIV Disease Among IDU,2013
Armstrong,3,42,005,03,"(40.8150952555, -79.4731689893)",,Non Report. Suppressed count for Individuals New Diagnoses HIV Disease,34,Individuals with Prevalence HIV Disease,,Non Report. Suppressed count for New Diagnoses HIV Disease among IDU,5,Individuals with  Prevalence HIV Disease Among IDU,2014
Armstrong,3,42,005,03,"(40.8150952555, -79.4731689893)",,Non Report. Suppressed count for Individuals New Diagnoses HIV Disease,34,Individuals with Prevalence HIV Disease,,Non Report. Suppressed count for New Diagnoses HIV Disease among IDU,5,Individuals with Prevalence HIV Disease Among IDU,2015
Armstrong,3,42,005,03,"(40.8150952555, -79.4731689893)",,Non Report. Suppressed count for Individuals New Diagnoses HIV Disease,33,Individuals with Prevalence HIV Disease,,Non Report. Suppressed count for New Diagnoses HIV Disease among IDU,6,Individuals with Prevalence HIV Disease Among IDU,2013
Armstrong,3,42,005,03,"(40.8150952555, -79.4731689893)",,Non Report. Suppressed count for Individuals New Diagnoses HIV Disease,34,Individuals with Prevalence HIV Disease,,Non Report. Suppressed count for New Diagnoses HIV Disease among IDU,7,Individuals with  Prevalence HIV Disease Among IDU,2012
Armstrong,3,42,005,03,"(40.8150952555, -79.4731689893)",,Non Report. Suppressed count for Individuals New Diagnoses HIV Disease,37,Individuals with Prevalence HIV Disease,,Non Report. Suppressed count for New Diagnoses HIV Disease among IDU,7,Individuals with Prevalence HIV Disease Among IDU,2016
Beaver,4,42,007,04,"(40.6834924548, -80.3510735648)",,Non Report. Suppressed count for Individuals New Diagnoses HIV Disease,108,Individuals with Prevalence HIV Disease,,Non Report. Suppressed count for New Diagnoses HIV Disease among IDU,12,Individuals with Prevalence HIV Disease Among IDU,2016
Beaver,4,42,007,04,"(40.6834924548, -80.3510735648)",,Non Report. Suppressed count for Individuals New Diagnoses HIV Disease,104,Individuals with Prevalence HIV Disease,,Non Report. Suppressed count for New Diagnoses HIV Disease among IDU,14,Individuals with  Prevalence HIV Disease Among IDU,2013
Beaver,4,42,007,04,"(40.6834924548, -80.3510735648)",5,Individuals with New Diagnoses HIV Disease,108,Individuals with Prevalence HIV Disease,,Non Report. Suppressed count for New Diagnoses HIV Disease among IDU,14,Individuals with Prevalence HIV Disease Among IDU,2014
Beaver,4,42,007,04,"(40.6834924548, -80.3510735648)",,Non Report. Suppressed count for Individuals New Diagnoses HIV Disease,110,Individuals with Prevalence HIV Disease,,Non Report. Suppressed count for New Diagnoses HIV Disease among IDU,14,Individuals with Prevalence HIV Disease Among IDU,2015
Beaver,4,42,007,04,"(40.6834924548, -80.3510735648)",6,Individuals with New Diagnoses HIV Disease,109,Individuals with Prevalence HIV Disease,,Non Report. Suppressed count for New Diagnoses HIV Disease among IDU,15,Individuals with Prevalence HIV Disease Among IDU,2012
Bedford,5,42,009,05,"(40.0073753643, -78.4911647381)",,Non Report. Suppressed count for Individuals New Diagnoses HIV Disease,21,Individuals with Prevalence HIV Disease,,Non Report. Suppressed count for New Diagnoses HIV Disease among IDU,,Non Report. Suppressed count for Prevalence HIV Disease Among IDU,2014
Bedford,5,42,009,05,"(40.0073753643, -78.4911647381)",,Non Report. Suppressed count for Individuals New Diagnoses HIV Disease,23,Individuals with Prevalence HIV Disease,,Non Report. Suppressed count for New Diagnoses HIV Disease among IDU,,Non Report. Suppressed count for Prevalence HIV Disease Among IDU,2013
Bedford,5,42,009,05,"(40.0073753643, -78.4911647381)",5,Individuals with New Diagnoses HIV Disease,23,Individuals with Prevalence HIV Disease,,Non Report. Suppressed count for New Diagnoses HIV Disease among IDU,,Non Report. Suppressed count for Prevalence HIV Disease Among IDU,2012
Bedford,5,42,009,05,"(40.0073753643, -78.4911647381)",5,Individuals with New Diagnoses HIV Disease,26,Individuals with Prevalence HIV Disease,,Non Report. Suppressed count for New Diagnoses HIV Disease among IDU,,Non Report. Suppressed count for Prevalence HIV Disease Among IDU,2015
Bedford,5,42,009,05,"(40.0073753643, -78.4911647381)",,Non Report. Suppressed count for Individuals New Diagnoses HIV Disease,28,Individuals with Prevalence HIV Disease,,Non Report. Suppressed count for New Diagnoses HIV Disease among IDU,,Non Report. Suppressed count for Prevalence HIV Disease Among IDU,2016
Berks,6,42,011,06,"(40.4193963513, -75.9307732705)",30,Individuals with New Diagnoses HIV Disease,1027,Individuals with Prevalence HIV Disease,,Non Report. Suppressed count for New Diagnoses HIV Disease among IDU,328,Individuals with Prevalence HIV Disease Among IDU,2016
Berks,6,42,011,06,"(40.4193963513, -75.9307732705)",29,Individuals with New Diagnoses HIV Disease,1009,Individuals with Prevalence HIV Disease,,Non Report. Suppressed count for New Diagnoses HIV Disease among IDU,332,Individuals with Prevalence HIV Disease Among IDU,2015
Berks,6,42,011,06,"(40.4193963513, -75.9307732705)",33,Individuals with New Diagnoses HIV Disease,987,Individuals with Prevalence HIV Disease,,Non Report. Suppressed count for New Diagnoses HIV Disease among IDU,334,Individuals with  Prevalence HIV Disease Among IDU,2014
Berks,6,42,011,06,"(40.4193963513, -75.9307732705)",34,Individuals with New Diagnoses HIV Disease,974,Individuals with Prevalence HIV Disease,,Non Report. Suppressed count for New Diagnoses HIV Disease among IDU,342,Individuals with Prevalence HIV Disease Among IDU,2013
Berks,6,42,011,06,"(40.4193963513, -75.9307732705)",40,Individuals with New Diagnoses HIV Disease,963,Individuals with Prevalence HIV Disease,,Non Report. Suppressed count for New Diagnoses HIV Disease among IDU,357,Individuals with  Prevalence HIV Disease Among IDU,2012
Blair,7,42,013,07,"(40.4855502384, -78.349076871)",5,Individuals with New Diagnoses HIV Disease,75,Individuals with Prevalence HIV Disease,,Non Report. Suppressed count for New Diagnoses HIV Disease among IDU,7,Individuals with  Prevalence HIV Disease Among IDU,2014
Blair,7,42,013,07,"(40.4855502384, -78.349076871)",5,Individuals with New Diagnoses HIV Disease,78,Individuals with Prevalence HIV Disease,,Non Report. Suppressed count for New Diagnoses HIV Disease among IDU,7,Individuals with Prevalence HIV Disease Among IDU,2015
Blair,7,42,013,07,"(40.4855502384, -78.349076871)",5,Individuals with New Diagnoses HIV Disease,82,Individuals with Prevalence HIV Disease,,Non Report. Suppressed count for New Diagnoses HIV Disease among IDU,7,Individuals with  Prevalence HIV Disease Among IDU,2016
Blair,7,42,013,07,"(40.4855502384, -78.349076871)",,Non Report. Suppressed count for Individuals New Diagnoses HIV Disease,75,Individuals with Prevalence HIV Disease,,Non Report. Suppressed count for New Diagnoses HIV Disease among IDU,9,Individuals with Prevalence HIV Disease Among IDU,2012
Blair,7,42,013,07,"(40.4855502384, -78.349076871)",,Non Report. Suppressed count for Individuals New Diagnoses HIV Disease,75,Individuals with Prevalence HIV Disease,,Non Report. Suppressed count for New Diagnoses HIV Disease among IDU,9,Individuals with  Prevalence HIV Disease Among IDU,2013
Bradford,8,42,015,08,"(41.7911781401, -76.5182562384)",,Non Report. Suppressed count for Individuals New Diagnoses HIV Disease,36,Individuals with Prevalence HIV Disease,,Non Report. Suppressed count for New Diagnoses HIV Disease among IDU,,Non Report. Suppressed count for Prevalence HIV Disease Among IDU,2015
Bradford,8,42,015,08,"(41.7911781401, -76.5182562384)",,Non Report. Suppressed count for Individuals New Diagnoses HIV Disease,37,Individuals with Prevalence HIV Disease,,Non Report. Suppressed count for New Diagnoses HIV Disease among IDU,,Non Report. Suppressed count for Prevalence HIV Disease Among IDU,2014
Bradford,8,42,015,08,"(41.7911781401, -76.5182562384)",5,Individuals with New Diagnoses HIV Disease,39,Individuals with Prevalence HIV Disease,,Non Report. Suppressed count for New Diagnoses HIV Disease among IDU,,Non Report. Suppressed count for Prevalence HIV Disease Among IDU,2016
Bradford,8,42,015,08,"(41.7911781401, -76.5182562384)",,Non Report. Suppressed count for Individuals New Diagnoses HIV Disease,39,Individuals with Prevalence HIV Disease,,Non Report. Suppressed count for New Diagnoses HIV Disease among IDU,5,Individuals with  Prevalence HIV Disease Among IDU,2012
Bradford,8,42,015,08,"(41.7911781401, -76.5182562384)",,Non Report. Suppressed count for Individuals New Diagnoses HIV Disease,39,Individuals with Prevalence HIV Disease,,Non Report. Suppressed count for New Diagnoses HIV Disease among IDU,5,Individuals with Prevalence HIV Disease Among IDU,2013
Bucks,9,42,017,09,"(40.335011331, -75.1129124111)",24,Individuals with New Diagnoses HIV Disease,808,Individuals with Prevalence HIV Disease,,Non Report. Suppressed count for New Diagnoses HIV Disease among IDU,126,Individuals with  Prevalence HIV Disease Among IDU,2015
Bucks,9,42,017,09,"(40.335011331, -75.1129124111)",19,Individuals with New Diagnoses HIV Disease,819,Individuals with Prevalence HIV Disease,,Non Report. Suppressed count for New Diagnoses HIV Disease among IDU,126,Individuals with Prevalence HIV Disease Among IDU,2016
Bucks,9,42,017,09,"(40.335011331, -75.1129124111)",30,Individuals with New Diagnoses HIV Disease,793,Individuals with Prevalence HIV Disease,,Non Report. Suppressed count for New Diagnoses HIV Disease among IDU,128,Individuals with  Prevalence HIV Disease Among IDU,2014
Bucks,9,42,017,09,"(40.335011331, -75.1129124111)",43,Individuals with New Diagnoses HIV Disease,748,Individuals with Prevalence HIV Disease,6,Individuals with New Diagnoses HIV Disease among IDU,129,Individuals with Prevalence HIV Disease Among IDU,2012
Bucks,9,42,017,09,"(40.335011331, -75.1129124111)",37,Individuals with New Diagnoses HIV Disease,776,Individuals with Prevalence HIV Disease,5,Individuals with New Diagnoses HIV Disease among IDU,131,Individuals with Prevalence HIV Disease Among IDU,2013
Butler,10,42,019,10,"(40.9108318483, -79.9171177889)",,Non Report. Suppressed count for Individuals New Diagnoses HIV Disease,74,Individuals with Prevalence HIV Disease,,Non Report. Suppressed count for New Diagnoses HIV Disease among IDU,10,Individuals with Prevalence HIV Disease Among IDU,2012
Butler,10,42,019,10,"(40.9108318483, -79.9171177889)",,Non Report. Suppressed count for Individuals New Diagnoses HIV Disease,75,Individuals with Prevalence HIV Disease,,Non Report. Suppressed count for New Diagnoses HIV Disease among IDU,10,Individuals with  Prevalence HIV Disease Among IDU,2013
Butler,10,42,019,10,"(40.9108318483, -79.9171177889)",,Non Report. Suppressed count for Individuals New Diagnoses HIV Disease,78,Individuals with Prevalence HIV Disease,,Non Report. Suppressed count for New Diagnoses HIV Disease among IDU,10,Individuals with Prevalence HIV Disease Among IDU,2014
Butler,10,42,019,10,"(40.9108318483, -79.9171177889)",,Non Report. Suppressed count for Individuals New Diagnoses HIV Disease,85,Individuals with Prevalence HIV Disease,,Non Report. Suppressed count for New Diagnoses HIV Disease among IDU,11,Individuals with Prevalence HIV Disease Among IDU,2016
Butler,10,42,019,10,"(40.9108318483, -79.9171177889)",7,Individuals with New Diagnoses HIV Disease,84,Individuals with Prevalence HIV Disease,,Non Report. Suppressed count for New Diagnoses HIV Disease among IDU,12,Individuals with Prevalence HIV Disease Among IDU,2015
Cambria,11,42,021,11,"(40.4912749067, -78.7189417385)",,Non Report. Suppressed count for Individuals New Diagnoses HIV Disease,128,Individuals with Prevalence HIV Disease,,Non Report. Suppressed count for New Diagnoses HIV Disease among IDU,32,Individuals with Prevalence HIV Disease Among IDU,2016
Cambria,11,42,021,11,"(40.4912749067, -78.7189417385)",5,Individuals with New Diagnoses HIV Disease,125,Individuals with Prevalence HIV Disease,,Non Report. Suppressed count for New Diagnoses HIV Disease among IDU,33,Individuals with  Prevalence HIV Disease Among IDU,2015
Cambria,11,42,021,11,"(40.4912749067, -78.7189417385)",10,Individuals with New Diagnoses HIV Disease,119,Individuals with Prevalence HIV Disease,,Non Report. Suppressed count for New Diagnoses HIV Disease among IDU,34,Individuals with Prevalence HIV Disease Among IDU,2012
Cambria,11,42,021,11,"(40.4912749067, -78.7189417385)",,Non Report. Suppressed count for Individuals New Diagnoses HIV Disease,122,Individuals with Prevalence HIV Disease,,Non Report. Suppressed count for New Diagnoses HIV Disease among IDU,34,Individuals with  Prevalence HIV Disease Among IDU,2013
Cambria,11,42,021,11,"(40.4912749067, -78.7189417385)",6,Individuals with New Diagnoses HIV Disease,125,Individuals with Prevalence HIV Disease,,Non Report. Suppressed count for New Diagnoses HIV Disease among IDU,34,Individuals with  Prevalence HIV Disease Among IDU,2014
Cameron,12,42,023,12,"(41.4388026531, -78.2091693241)",,Non Report. Suppressed count for Individuals New Diagnoses HIV Disease,,Non Report. Suppressed count for Individuals Prevalence HIV Disease,,Non Report. Suppressed count for New Diagnoses HIV Disease among IDU,,Non Report. Suppressed count for Prevalence HIV Disease Among IDU,2012
Cameron,12,42,023,12,"(41.4388026531, -78.2091693241)",,Non Report. Suppressed count for Individuals New Diagnoses HIV Disease,,Non Report. Suppressed count for Individuals Prevalence HIV Disease,,Non Report. Suppressed count for New Diagnoses HIV Disease among IDU,,Non Report. Suppressed count for Prevalence HIV Disease Among IDU,2013
Cameron,12,42,023,12,"(41.4388026531, -78.2091693241)",,Non Report. Suppressed count for Individuals New Diagnoses HIV Disease,,Non Report. Suppressed count for Individuals Prevalence HIV Disease,,Non Report. Suppressed count for New Diagnoses HIV Disease among IDU,,Non Report. Suppressed count for Prevalence HIV Disease Among IDU,2014
Cameron,12,42,023,12,"(41.4388026531, -78.2091693241)",,Non Report. Suppressed count for Individuals New Diagnoses HIV Disease,,Non Report. Suppressed count for Individuals Prevalence HIV Disease,,Non Report. Suppressed count for New Diagnoses HIV Disease among IDU,,Non Report. Suppressed count for Prevalence HIV Disease Among IDU,2015
Cameron,12,42,023,12,"(41.4388026531, -78.2091693241)",,Non Report. Suppressed count for Individuals New Diagnoses HIV Disease,,Non Report. Suppressed count for Individuals Prevalence HIV Disease,,Non Report. Suppressed count for New Diagnoses HIV Disease among IDU,,Non Report. Suppressed count for Prevalence HIV Disease Among IDU,2016
Carbon,13,42,025,13,"(40.9193670081, -75.7110703866)",,Non Report. Suppressed count for Individuals New Diagnoses HIV Disease,71,Individuals with Prevalence HIV Disease,,Non Report. Suppressed count for New Diagnoses HIV Disease among IDU,15,Individuals with  Prevalence HIV Disease Among IDU,2013
Carbon,13,42,025,13,"(40.9193670081, -75.7110703866)",7,Individuals with New Diagnoses HIV Disease,74,Individuals with Prevalence HIV Disease,,Non Report. Suppressed count for New Diagnoses HIV Disease among IDU,15,Individuals with Prevalence HIV Disease Among IDU,2012
Carbon,13,42,025,13,"(40.9193670081, -75.7110703866)",7,Individuals with New Diagnoses HIV Disease,76,Individuals with Prevalence HIV Disease,,Non Report. Suppressed count for New Diagnoses HIV Disease among IDU,15,Individuals with Prevalence HIV Disease Among IDU,2014
Carbon,13,42,025,13,"(40.9193670081, -75.7110703866)",,Non Report. Suppressed count for Individuals New Diagnoses HIV Disease,78,Individuals with Prevalence HIV Disease,,Non Report. Suppressed count for New Diagnoses HIV Disease among IDU,15,Individuals with Prevalence HIV Disease Among IDU,2015
Carbon,13,42,025,13,"(40.9193670081, -75.7110703866)",5,Individuals with New Diagnoses HIV Disease,83,Individuals with Prevalence HIV Disease,,Non Report. Suppressed count for New Diagnoses HIV Disease among IDU,16,Individuals with  Prevalence HIV Disease Among IDU,2016
Centre,14,42,027,14,"(40.9193135008, -77.8250011212)",8,Individuals with New Diagnoses HIV Disease,159,Individuals with Prevalence HIV Disease,,Non Report. Suppressed count for New Diagnoses HIV Disease among IDU,48,Individuals with Prevalence HIV Disease Among IDU,2012
Centre,14,42,027,14,"(40.9193135008, -77.8250011212)",8,Individuals with New Diagnoses HIV Disease,167,Individuals with Prevalence HIV Disease,,Non Report. Suppressed count for New Diagnoses HIV Disease among IDU,49,Individuals with  Prevalence HIV Disease Among IDU,2013
Centre,14,42,027,14,"(40.9193135008, -77.8250011212)",5,Individuals with New Diagnoses HIV Disease,171,Individuals with Prevalence HIV Disease,,Non Report. Suppressed count for New Diagnoses HIV Disease among IDU,49,Individuals with Prevalence HIV Disease Among IDU,2014
Centre,14,42,027,14,"(40.9193135008, -77.8250011212)",8,Individuals with New Diagnoses HIV Disease,176,Individuals with Prevalence HIV Disease,,Non Report. Suppressed count for New Diagnoses HIV Disease among IDU,49,Individuals with  Prevalence HIV Disease Among IDU,2015
Centre,14,42,027,14,"(40.9193135008, -77.8250011212)",12,Individuals with New Diagnoses HIV Disease,184,Individuals with Prevalence HIV Disease,,Non Report. Suppressed count for New Diagnoses HIV Disease among IDU,50,Individuals with Prevalence HIV Disease Among IDU,2016
Chester,15,42,029,15,"(39.9748705566, -75.7562649818)",21,Individuals with New Diagnoses HIV Disease,521,Individuals with Prevalence HIV Disease,,Non Report. Suppressed count for New Diagnoses HIV Disease among IDU,131,Individuals with Prevalence HIV Disease Among IDU,2014
Chester,15,42,029,15,"(39.9748705566, -75.7562649818)",14,Individuals with New Diagnoses HIV Disease,531,Individuals with Prevalence HIV Disease,,Non Report. Suppressed count for New Diagnoses HIV Disease among IDU,131,Individuals with  Prevalence HIV Disease Among IDU,2015
Chester,15,42,029,15,"(39.9748705566, -75.7562649818)",18,Individuals with New Diagnoses HIV Disease,544,Individuals with Prevalence HIV Disease,,Non Report. Suppressed count for New Diagnoses HIV Disease among IDU,131,Individuals with Prevalence HIV Disease Among IDU,2016
Chester,15,42,029,15,"(39.9748705566, -75.7562649818)",19,Individuals with New Diagnoses HIV Disease,510,Individuals with Prevalence HIV Disease,,Non Report. Suppressed count for New Diagnoses HIV Disease among IDU,135,Individuals with Prevalence HIV Disease Among IDU,2013
Chester,15,42,029,15,"(39.9748705566, -75.7562649818)",34,Individuals with New Diagnoses HIV Disease,507,Individuals with Prevalence HIV Disease,,Non Report. Suppressed count for New Diagnoses HIV Disease among IDU,138,Individuals with  Prevalence HIV Disease Among IDU,2012
Clarion,16,42,031,16,"(41.1927912877, -79.4248360769)",,Non Report. Suppressed count for Individuals New Diagnoses HIV Disease,21,Individuals with Prevalence HIV Disease,,Non Report. Suppressed count for New Diagnoses HIV Disease among IDU,7,Individuals with  Prevalence HIV Disease Among IDU,2012
Clarion,16,42,031,16,"(41.1927912877, -79.4248360769)",,Non Report. Suppressed count for Individuals New Diagnoses HIV Disease,21,Individuals with Prevalence HIV Disease,,Non Report. Suppressed count for New Diagnoses HIV Disease among IDU,7,Individuals with Prevalence HIV Disease Among IDU,2013
Clarion,16,42,031,16,"(41.1927912877, -79.4248360769)",,Non Report. Suppressed count for Individuals New Diagnoses HIV Disease,21,Individuals with Prevalence HIV Disease,,Non Report. Suppressed count for New Diagnoses HIV Disease among IDU,7,Individuals with  Prevalence HIV Disease Among IDU,2014
Clarion,16,42,031,16,"(41.1927912877, -79.4248360769)",,Non Report. Suppressed count for Individuals New Diagnoses HIV Disease,22,Individuals with Prevalence HIV Disease,,Non Report. Suppressed count for New Diagnoses HIV Disease among IDU,7,Individuals with Prevalence HIV Disease Among IDU,2015
Clarion,16,42,031,16,"(41.1927912877, -79.4248360769)",,Non Report. Suppressed count for Individuals New Diagnoses HIV Disease,22,Individuals with Prevalence HIV Disease,,Non Report. Suppressed count for New Diagnoses HIV Disease among IDU,7,Individuals with  Prevalence HIV Disease Among IDU,2016
Clearfield,17,42,033,17,"(41.0004290024, -78.4755834299)",,Non Report. Suppressed count for Individuals New Diagnoses HIV Disease,71,Individuals with Prevalence HIV Disease,,Non Report. Suppressed count for New Diagnoses HIV Disease among IDU,28,Individuals with Prevalence HIV Disease Among IDU,2016
Clearfield,17,42,033,17,"(41.0004290024, -78.4755834299)",,Non Report. Suppressed count for Individuals New Diagnoses HIV Disease,72,Individuals with Prevalence HIV Disease,,Non Report. Suppressed count for New Diagnoses HIV Disease among IDU,29,Individuals with Prevalence HIV Disease Among IDU,2015
Clearfield,17,42,033,17,"(41.0004290024, -78.4755834299)",,Non Report. Suppressed count for Individuals New Diagnoses HIV Disease,65,Individuals with Prevalence HIV Disease,,Non Report. Suppressed count for New Diagnoses HIV Disease among IDU,31,Individuals with Prevalence HIV Disease Among IDU,2012
Clearfield,17,42,033,17,"(41.0004290024, -78.4755834299)",,Non Report. Suppressed count for Individuals New Diagnoses HIV Disease,65,Individuals with Prevalence HIV Disease,,Non Report. Suppressed count for New Diagnoses HIV Disease among IDU,31,Individuals with  Prevalence HIV Disease Among IDU,2013
Clearfield,17,42,033,17,"(41.0004290024, -78.4755834299)",6,Individuals with New Diagnoses HIV Disease,70,Individuals with Prevalence HIV Disease,,Non Report. Suppressed count for New Diagnoses HIV Disease among IDU,31,Individuals with  Prevalence HIV Disease Among IDU,2014
Clinton,18,42,035,18,"(41.2328627374, -77.6428376046)",,Non Report. Suppressed count for Individuals New Diagnoses HIV Disease,13,Individuals with Prevalence HIV Disease,,Non Report. Suppressed count for New Diagnoses HIV Disease among IDU,,Non Report. Suppressed count for Prevalence HIV Disease Among IDU,2012
Clinton,18,42,035,18,"(41.2328627374, -77.6428376046)",,Non Report. Suppressed count for Individuals New Diagnoses HIV Disease,13,Individuals with Prevalence HIV Disease,,Non Report. Suppressed count for New Diagnoses HIV Disease among IDU,,Non Report. Suppressed count for Prevalence HIV Disease Among IDU,2013
Clinton,18,42,035,18,"(41.2328627374, -77.6428376046)",,Non Report. Suppressed count for Individuals New Diagnoses HIV Disease,14,Individuals with Prevalence HIV Disease,,Non Report. Suppressed count for New Diagnoses HIV Disease among IDU,,Non Report. Suppressed count for Prevalence HIV Disease Among IDU,2014
Clinton,18,42,035,18,"(41.2328627374, -77.6428376046)",,Non Report. Suppressed count for Individuals New Diagnoses HIV Disease,14,Individuals with Prevalence HIV Disease,,Non Report. Suppressed count for New Diagnoses HIV Disease among IDU,,Non Report. Suppressed count for Prevalence HIV Disease Among IDU,2015
Clinton,18,42,035,18,"(41.2328627374, -77.6428376046)",,Non Report. Suppressed count for Individuals New Diagnoses HIV Disease,15,Individuals with Prevalence HIV Disease,,Non Report. Suppressed count for New Diagnoses HIV Disease among IDU,,Non Report. Suppressed count for Prevalence HIV Disease Among IDU,2016
Columbia,19,42,037,19,"(41.0491208559, -76.4100217975)",,Non Report. Suppressed count for Individuals New Diagnoses HIV Disease,58,Individuals with Prevalence HIV Disease,,Non Report. Suppressed count for New Diagnoses HIV Disease among IDU,18,Individuals with Prevalence HIV Disease Among IDU,2012
Columbia,19,42,037,19,"(41.0491208559, -76.4100217975)",,Non Report. Suppressed count for Individuals New Diagnoses HIV Disease,58,Individuals with Prevalence HIV Disease,,Non Report. Suppressed count for New Diagnoses HIV Disease among IDU,18,Individuals with  Prevalence HIV Disease Among IDU,2013
Columbia,19,42,037,19,"(41.0491208559, -76.4100217975)",,Non Report. Suppressed count for Individuals New Diagnoses HIV Disease,59,Individuals with Prevalence HIV Disease,,Non Report. Suppressed count for New Diagnoses HIV Disease among IDU,18,Individuals with Prevalence HIV Disease Among IDU,2014
Columbia,19,42,037,19,"(41.0491208559, -76.4100217975)",,Non Report. Suppressed count for Individuals New Diagnoses HIV Disease,60,Individuals with Prevalence HIV Disease,,Non Report. Suppressed count for New Diagnoses HIV Disease among IDU,18,Individuals with  Prevalence HIV Disease Among IDU,2015
Columbia,19,42,037,19,"(41.0491208559, -76.4100217975)",,Non Report. Suppressed count for Individuals New Diagnoses HIV Disease,61,Individuals with Prevalence HIV Disease,,Non Report. Suppressed count for New Diagnoses HIV Disease among IDU,18,Individuals with Prevalence HIV Disease Among IDU,2016
Crawford,20,42,039,20,"(41.6854690692, -80.1132108295)",,Non Report. Suppressed count for Individuals New Diagnoses HIV Disease,62,Individuals with Prevalence HIV Disease,,Non Report. Suppressed count for New Diagnoses HIV Disease among IDU,17,Individuals with  Prevalence HIV Disease Among IDU,2013
Crawford,20,42,039,20,"(41.6854690692, -80.1132108295)",5,Individuals with New Diagnoses HIV Disease,63,Individuals with Prevalence HIV Disease,,Non Report. Suppressed count for New Diagnoses HIV Disease among IDU,17,Individuals with  Prevalence HIV Disease Among IDU,2012
Crawford,20,42,039,20,"(41.6854690692, -80.1132108295)",,Non Report. Suppressed count for Individuals New Diagnoses HIV Disease,64,Individuals with Prevalence HIV Disease,,Non Report. Suppressed count for New Diagnoses HIV Disease among IDU,17,Individuals with Prevalence HIV Disease Among IDU,2014
Crawford,20,42,039,20,"(41.6854690692, -80.1132108295)",,Non Report. Suppressed count for Individuals New Diagnoses HIV Disease,65,Individuals with Prevalence HIV Disease,,Non Report. Suppressed count for New Diagnoses HIV Disease among IDU,17,Individuals with  Prevalence HIV Disease Among IDU,2015
Crawford,20,42,039,20,"(41.6854690692, -80.1132108295)",,Non Report. Suppressed count for Individuals New Diagnoses HIV Disease,68,Individuals with Prevalence HIV Disease,,Non Report. Suppressed count for New Diagnoses HIV Disease among IDU,17,Individuals with Prevalence HIV Disease Among IDU,2016
Cumberland,21,42,041,21,"(40.167598388, -77.268662705)",12,Individuals with New Diagnoses HIV Disease,387,Individuals with Prevalence HIV Disease,,Non Report. Suppressed count for New Diagnoses HIV Disease among IDU,143,Individuals with Prevalence HIV Disease Among IDU,2016
Cumberland,21,42,041,21,"(40.167598388, -77.268662705)",7,Individuals with New Diagnoses HIV Disease,383,Individuals with Prevalence HIV Disease,,Non Report. Suppressed count for New Diagnoses HIV Disease among IDU,146,Individuals with  Prevalence HIV Disease Among IDU,2015
Cumberland,21,42,041,21,"(40.167598388, -77.268662705)",9,Individuals with New Diagnoses HIV Disease,382,Individuals with Prevalence HIV Disease,,Non Report. Suppressed count for New Diagnoses HIV Disease among IDU,150,Individuals with Prevalence HIV Disease Among IDU,2014
Cumberland,21,42,041,21,"(40.167598388, -77.268662705)",16,Individuals with New Diagnoses HIV Disease,377,Individuals with Prevalence HIV Disease,,Non Report. Suppressed count for New Diagnoses HIV Disease among IDU,152,Individuals with  Prevalence HIV Disease Among IDU,2013
Cumberland,21,42,041,21,"(40.167598388, -77.268662705)",9,Individuals with New Diagnoses HIV Disease,372,Individuals with Prevalence HIV Disease,,Non Report. Suppressed count for New Diagnoses HIV Disease among IDU,155,Individuals with Prevalence HIV Disease Among IDU,2012
Dauphin,22,42,043,22,"(40.4197463597, -76.7796056802)",49,Individuals with New Diagnoses HIV Disease,1054,Individuals with Prevalence HIV Disease,,Non Report. Suppressed count for New Diagnoses HIV Disease among IDU,220,Individuals with Prevalence HIV Disease Among IDU,2016
Dauphin,22,42,043,22,"(40.4197463597, -76.7796056802)",33,Individuals with New Diagnoses HIV Disease,982,Individuals with Prevalence HIV Disease,,Non Report. Suppressed count for New Diagnoses HIV Disease among IDU,224,Individuals with  Prevalence HIV Disease Among IDU,2013
Dauphin,22,42,043,22,"(40.4197463597, -76.7796056802)",34,Individuals with New Diagnoses HIV Disease,1017,Individuals with Prevalence HIV Disease,,Non Report. Suppressed count for New Diagnoses HIV Disease among IDU,224,Individuals with Prevalence HIV Disease Among IDU,2015
Dauphin,22,42,043,22,"(40.4197463597, -76.7796056802)",37,Individuals with New Diagnoses HIV Disease,1005,Individuals with Prevalence HIV Disease,5,Individuals with New Diagnoses HIV Disease among IDU,226,Individuals with  Prevalence HIV Disease Among IDU,2014
Dauphin,22,42,043,22,"(40.4197463597, -76.7796056802)",40,Individuals with New Diagnoses HIV Disease,966,Individuals with Prevalence HIV Disease,6,Individuals with New Diagnoses HIV Disease among IDU,228,Individuals with Prevalence HIV Disease Among IDU,2012
Delaware,23,42,045,23,"(39.9165786652, -75.4062771212)",61,Individuals with New Diagnoses HIV Disease,1736,Individuals with Prevalence HIV Disease,,Non Report. Suppressed count for New Diagnoses HIV Disease among IDU,378,Individuals with Prevalence HIV Disease Among IDU,2016
Delaware,23,42,045,23,"(39.9165786652, -75.4062771212)",69,Individuals with New Diagnoses HIV Disease,1690,Individuals with Prevalence HIV Disease,,Non Report. Suppressed count for New Diagnoses HIV Disease among IDU,382,Individuals with  Prevalence HIV Disease Among IDU,2015
Delaware,23,42,045,23,"(39.9165786652, -75.4062771212)",72,Individuals with New Diagnoses HIV Disease,1645,Individuals with Prevalence HIV Disease,5,Individuals with New Diagnoses HIV Disease among IDU,385,Individuals with Prevalence HIV Disease Among IDU,2014
Delaware,23,42,045,23,"(39.9165786652, -75.4062771212)",76,Individuals with New Diagnoses HIV Disease,1605,Individuals with Prevalence HIV Disease,,Non Report. Suppressed count for New Diagnoses HIV Disease among IDU,393,Individuals with  Prevalence HIV Disease Among IDU,2013
Delaware,23,42,045,23,"(39.9165786652, -75.4062771212)",93,Individuals with New Diagnoses HIV Disease,1560,Individuals with Prevalence HIV Disease,6,Individuals with New Diagnoses HIV Disease among IDU,408,Individuals with Prevalence HIV Disease Among IDU,2012
Elk,24,42,047,24,"(41.4281941606, -78.6494771322)",,Non Report. Suppressed count for Individuals New Diagnoses HIV Disease,6,Individuals with Prevalence HIV Disease,,Non Report. Suppressed count for New Diagnoses HIV Disease among IDU,,Non Report. Suppressed count for Prevalence HIV Disease Among IDU,2014
Elk,24,42,047,24,"(41.4281941606, -78.6494771322)",,Non Report. Suppressed count for Individuals New Diagnoses HIV Disease,7,Individuals with Prevalence HIV Disease,,Non Report. Suppressed count for New Diagnoses HIV Disease among IDU,,Non Report. Suppressed count for Prevalence HIV Disease Among IDU,2012
Elk,24,42,047,24,"(41.4281941606, -78.6494771322)",,Non Report. Suppressed count for Individuals New Diagnoses HIV Disease,7,Individuals with Prevalence HIV Disease,,Non Report. Suppressed count for New Diagnoses HIV Disease among IDU,,Non Report. Suppressed count for Prevalence HIV Disease Among IDU,2013
Elk,24,42,047,24,"(41.4281941606, -78.6494771322)",,Non Report. Suppressed count for Individuals New Diagnoses HIV Disease,7,Individuals with Prevalence HIV Disease,,Non Report. Suppressed count for New Diagnoses HIV Disease among IDU,,Non Report. Suppressed count for Prevalence HIV Disease Among IDU,2015
Elk,24,42,047,24,"(41.4281941606, -78.6494771322)",,Non Report. Suppressed count for Individuals New Diagnoses HIV Disease,7,Individuals with Prevalence HIV Disease,,Non Report. Suppressed count for New Diagnoses HIV Disease among IDU,,Non Report. Suppressed count for Prevalence HIV Disease Among IDU,2016
Erie,25,42,049,25,"(41.9941378702, -80.0407591036)",11,Individuals with New Diagnoses HIV Disease,306,Individuals with Prevalence HIV Disease,,Non Report. Suppressed count for New Diagnoses HIV Disease among IDU,81,Individuals with Prevalence HIV Disease Among IDU,2012
Erie,25,42,049,25,"(41.9941378702, -80.0407591036)",14,Individuals with New Diagnoses HIV Disease,316,Individuals with Prevalence HIV Disease,,Non Report. Suppressed count for New Diagnoses HIV Disease among IDU,81,Individuals with  Prevalence HIV Disease Among IDU,2013
Erie,25,42,049,25,"(41.9941378702, -80.0407591036)",12,Individuals with New Diagnoses HIV Disease,322,Individuals with Prevalence HIV Disease,,Non Report. Suppressed count for New Diagnoses HIV Disease among IDU,81,Individuals with Prevalence HIV Disease Among IDU,2014
Erie,25,42,049,25,"(41.9941378702, -80.0407591036)",15,Individuals with New Diagnoses HIV Disease,332,Individuals with Prevalence HIV Disease,,Non Report. Suppressed count for New Diagnoses HIV Disease among IDU,81,Individuals with  Prevalence HIV Disease Among IDU,2015
Erie,25,42,049,25,"(41.9941378702, -80.0407591036)",13,Individuals with New Diagnoses HIV Disease,343,Individuals with Prevalence HIV Disease,,Non Report. Suppressed count for New Diagnoses HIV Disease among IDU,81,Individuals with Prevalence HIV Disease Among IDU,2016
Fayette,26,42,051,26,"(39.919447803, -79.6518963464)",6,Individuals with New Diagnoses HIV Disease,83,Individuals with Prevalence HIV Disease,,Non Report. Suppressed count for New Diagnoses HIV Disease among IDU,16,Individuals with Prevalence HIV Disease Among IDU,2012
Fayette,26,42,051,26,"(39.919447803, -79.6518963464)",7,Individuals with New Diagnoses HIV Disease,89,Individuals with Prevalence HIV Disease,,Non Report. Suppressed count for New Diagnoses HIV Disease among IDU,17,Individuals with Prevalence HIV Disease Among IDU,2013
Fayette,26,42,051,26,"(39.919447803, -79.6518963464)",5,Individuals with New Diagnoses HIV Disease,92,Individuals with Prevalence HIV Disease,,Non Report. Suppressed count for New Diagnoses HIV Disease among IDU,17,Individuals with  Prevalence HIV Disease Among IDU,2014
Fayette,26,42,051,26,"(39.919447803, -79.6518963464)",,Non Report. Suppressed count for Individuals New Diagnoses HIV Disease,93,Individuals with Prevalence HIV Disease,,Non Report. Suppressed count for New Diagnoses HIV Disease among IDU,17,Individuals with  Prevalence HIV Disease Among IDU,2015
Fayette,26,42,051,26,"(39.919447803, -79.6518963464)",6,Individuals with New Diagnoses HIV Disease,99,Individuals with Prevalence HIV Disease,,Non Report. Suppressed count for New Diagnoses HIV Disease among IDU,17,Individuals with Prevalence HIV Disease Among IDU,2016
Forest,27,42,053,27,"(41.5135787577, -79.2378099483)",,Non Report. Suppressed count for Individuals New Diagnoses HIV Disease,13,Individuals with Prevalence HIV Disease,,Non Report. Suppressed count for New Diagnoses HIV Disease among IDU,,Non Report. Suppressed count for Prevalence HIV Disease Among IDU,2012
Forest,27,42,053,27,"(41.5135787577, -79.2378099483)",,Non Report. Suppressed count for Individuals New Diagnoses HIV Disease,13,Individuals with Prevalence HIV Disease,,Non Report. Suppressed count for New Diagnoses HIV Disease among IDU,,Non Report. Suppressed count for Prevalence HIV Disease Among IDU,2013
Forest,27,42,053,27,"(41.5135787577, -79.2378099483)",,Non Report. Suppressed count for Individuals New Diagnoses HIV Disease,12,Individuals with Prevalence HIV Disease,,Non Report. Suppressed count for New Diagnoses HIV Disease among IDU,,Non Report. Suppressed count for Prevalence HIV Disease Among IDU,2014
Forest,27,42,053,27,"(41.5135787577, -79.2378099483)",,Non Report. Suppressed count for Individuals New Diagnoses HIV Disease,12,Individuals with Prevalence HIV Disease,,Non Report. Suppressed count for New Diagnoses HIV Disease among IDU,,Non Report. Suppressed count for Prevalence HIV Disease Among IDU,2015
Forest,27,42,053,27,"(41.5135787577, -79.2378099483)",,Non Report. Suppressed count for Individuals New Diagnoses HIV Disease,12,Individuals with Prevalence HIV Disease,,Non Report. Suppressed count for New Diagnoses HIV Disease among IDU,,Non Report. Suppressed count for Prevalence HIV Disease Among IDU,2016
Franklin,28,42,055,28,"(39.9278619704, -77.7239884483)",,Non Report. Suppressed count for Individuals New Diagnoses HIV Disease,141,Individuals with Prevalence HIV Disease,,Non Report. Suppressed count for New Diagnoses HIV Disease among IDU,26,Individuals with Prevalence HIV Disease Among IDU,2016
Franklin,28,42,055,28,"(39.9278619704, -77.7239884483)",,Non Report. Suppressed count for Individuals New Diagnoses HIV Disease,139,Individuals with Prevalence HIV Disease,,Non Report. Suppressed count for New Diagnoses HIV Disease among IDU,28,Individuals with  Prevalence HIV Disease Among IDU,2015
Franklin,28,42,055,28,"(39.9278619704, -77.7239884483)",,Non Report. Suppressed count for Individuals New Diagnoses HIV Disease,127,Individuals with Prevalence HIV Disease,,Non Report. Suppressed count for New Diagnoses HIV Disease among IDU,29,Individuals with  Prevalence HIV Disease Among IDU,2012
Franklin,28,42,055,28,"(39.9278619704, -77.7239884483)",7,Individuals with New Diagnoses HIV Disease,133,Individuals with Prevalence HIV Disease,,Non Report. Suppressed count for New Diagnoses HIV Disease among IDU,29,Individuals with  Prevalence HIV Disease Among IDU,2013
Franklin,28,42,055,28,"(39.9278619704, -77.7239884483)",9,Individuals with New Diagnoses HIV Disease,140,Individuals with Prevalence HIV Disease,,Non Report. Suppressed count for New Diagnoses HIV Disease among IDU,29,Individuals with Prevalence HIV Disease Among IDU,2014
Fulton,29,42,057,29,"(39.9248751086, -78.1148504535)",,Non Report. Suppressed count for Individuals New Diagnoses HIV Disease,9,Individuals with Prevalence HIV Disease,,Non Report. Suppressed count for New Diagnoses HIV Disease among IDU,,Non Report. Suppressed count for Prevalence HIV Disease Among IDU,2012
Fulton,29,42,057,29,"(39.9248751086, -78.1148504535)",,Non Report. Suppressed count for Individuals New Diagnoses HIV Disease,10,Individuals with Prevalence HIV Disease,,Non Report. Suppressed count for New Diagnoses HIV Disease among IDU,,Non Report. Suppressed count for Prevalence HIV Disease Among IDU,2013
Fulton,29,42,057,29,"(39.9248751086, -78.1148504535)",,Non Report. Suppressed count for Individuals New Diagnoses HIV Disease,10,Individuals with Prevalence HIV Disease,,Non Report. Suppressed count for New Diagnoses HIV Disease among IDU,,Non Report. Suppressed count for Prevalence HIV Disease Among IDU,2014
Fulton,29,42,057,29,"(39.9248751086, -78.1148504535)",,Non Report. Suppressed count for Individuals New Diagnoses HIV Disease,10,Individuals with Prevalence HIV Disease,,Non Report. Suppressed count for New Diagnoses HIV Disease among IDU,,Non Report. Suppressed count for Prevalence HIV Disease Among IDU,2015
Fulton,29,42,057,29,"(39.9248751086, -78.1148504535)",,Non Report. Suppressed count for Individuals New Diagnoses HIV Disease,10,Individuals with Prevalence HIV Disease,,Non Report. Suppressed count for New Diagnoses HIV Disease among IDU,,Non Report. Suppressed count for Prevalence HIV Disease Among IDU,2016
Greene,30,42,059,30,"(39.8548039342, -80.2294381655)",,Non Report. Suppressed count for Individuals New Diagnoses HIV Disease,23,Individuals with Prevalence HIV Disease,,Non Report. Suppressed count for New Diagnoses HIV Disease among IDU,7,Individuals with Prevalence HIV Disease Among IDU,2012
Greene,30,42,059,30,"(39.8548039342, -80.2294381655)",,Non Report. Suppressed count for Individuals New Diagnoses HIV Disease,23,Individuals with Prevalence HIV Disease,,Non Report. Suppressed count for New Diagnoses HIV Disease among IDU,7,Individuals with  Prevalence HIV Disease Among IDU,2013
Greene,30,42,059,30,"(39.8548039342, -80.2294381655)",,Non Report. Suppressed count for Individuals New Diagnoses HIV Disease,24,Individuals with Prevalence HIV Disease,,Non Report. Suppressed count for New Diagnoses HIV Disease among IDU,7,Individuals with Prevalence HIV Disease Among IDU,2014
Greene,30,42,059,30,"(39.8548039342, -80.2294381655)",,Non Report. Suppressed count for Individuals New Diagnoses HIV Disease,24,Individuals with Prevalence HIV Disease,,Non Report. Suppressed count for New Diagnoses HIV Disease among IDU,7,Individuals with  Prevalence HIV Disease Among IDU,2015
Greene,30,42,059,30,"(39.8548039342, -80.2294381655)",,Non Report. Suppressed count for Individuals New Diagnoses HIV Disease,24,Individuals with Prevalence HIV Disease,,Non Report. Suppressed count for New Diagnoses HIV Disease among IDU,7,Individuals with Prevalence HIV Disease Among IDU,2016
Huntingdon,31,42,061,31,"(40.4161050032, -77.9827661036)",,Non Report. Suppressed count for Individuals New Diagnoses HIV Disease,70,Individuals with Prevalence HIV Disease,,Non Report. Suppressed count for New Diagnoses HIV Disease among IDU,37,Individuals with Prevalence HIV Disease Among IDU,2014
Huntingdon,31,42,061,31,"(40.4161050032, -77.9827661036)",,Non Report. Suppressed count for Individuals New Diagnoses HIV Disease,72,Individuals with Prevalence HIV Disease,,Non Report. Suppressed count for New Diagnoses HIV Disease among IDU,37,Individuals with  Prevalence HIV Disease Among IDU,2015
Huntingdon,31,42,061,31,"(40.4161050032, -77.9827661036)",,Non Report. Suppressed count for Individuals New Diagnoses HIV Disease,72,Individuals with Prevalence HIV Disease,,Non Report. Suppressed count for New Diagnoses HIV Disease among IDU,37,Individuals with Prevalence HIV Disease Among IDU,2016
Huntingdon,31,42,061,31,"(40.4161050032, -77.9827661036)",,Non Report. Suppressed count for Individuals New Diagnoses HIV Disease,71,Individuals with Prevalence HIV Disease,,Non Report. Suppressed count for New Diagnoses HIV Disease among IDU,38,Individuals with Prevalence HIV Disease Among IDU,2013
Huntingdon,31,42,061,31,"(40.4161050032, -77.9827661036)",,Non Report. Suppressed count for Individuals New Diagnoses HIV Disease,71,Individuals with Prevalence HIV Disease,,Non Report. Suppressed count for New Diagnoses HIV Disease among IDU,39,Individuals with  Prevalence HIV Disease Among IDU,2012
Indiana,32,42,063,32,"(40.6529549748, -79.0933349286)",,Non Report. Suppressed count for Individuals New Diagnoses HIV Disease,37,Individuals with Prevalence HIV Disease,,Non Report. Suppressed count for New Diagnoses HIV Disease among IDU,,Non Report. Suppressed count for Prevalence HIV Disease Among IDU,2012
Indiana,32,42,063,32,"(40.6529549748, -79.0933349286)",,Non Report. Suppressed count for Individuals New Diagnoses HIV Disease,37,Individuals with Prevalence HIV Disease,,Non Report. Suppressed count for New Diagnoses HIV Disease among IDU,,Non Report. Suppressed count for Prevalence HIV Disease Among IDU,2013
Indiana,32,42,063,32,"(40.6529549748, -79.0933349286)",,Non Report. Suppressed count for Individuals New Diagnoses HIV Disease,37,Individuals with Prevalence HIV Disease,,Non Report. Suppressed count for New Diagnoses HIV Disease among IDU,,Non Report. Suppressed count for Prevalence HIV Disease Among IDU,2014
Indiana,32,42,063,32,"(40.6529549748, -79.0933349286)",,Non Report. Suppressed count for Individuals New Diagnoses HIV Disease,38,Individuals with Prevalence HIV Disease,,Non Report. Suppressed count for New Diagnoses HIV Disease among IDU,,Non Report. Suppressed count for Prevalence HIV Disease Among IDU,2015
Indiana,32,42,063,32,"(40.6529549748, -79.0933349286)",,Non Report. Suppressed count for Individuals New Diagnoses HIV Disease,39,Individuals with Prevalence HIV Disease,,Non Report. Suppressed count for New Diagnoses HIV Disease among IDU,,Non Report. Suppressed count for Prevalence HIV Disease Among IDU,2016
Jefferson,33,42,065,33,"(41.1313909115, -79.0010181419)",,Non Report. Suppressed count for Individuals New Diagnoses HIV Disease,15,Individuals with Prevalence HIV Disease,,Non Report. Suppressed count for New Diagnoses HIV Disease among IDU,5,Individuals with Prevalence HIV Disease Among IDU,2012
Jefferson,33,42,065,33,"(41.1313909115, -79.0010181419)",,Non Report. Suppressed count for Individuals New Diagnoses HIV Disease,15,Individuals with Prevalence HIV Disease,,Non Report. Suppressed count for New Diagnoses HIV Disease among IDU,5,Individuals with  Prevalence HIV Disease Among IDU,2013
Jefferson,33,42,065,33,"(41.1313909115, -79.0010181419)",,Non Report. Suppressed count for Individuals New Diagnoses HIV Disease,15,Individuals with Prevalence HIV Disease,,Non Report. Suppressed count for New Diagnoses HIV Disease among IDU,5,Individuals with Prevalence HIV Disease Among IDU,2014
Jefferson,33,42,065,33,"(41.1313909115, -79.0010181419)",,Non Report. Suppressed count for Individuals New Diagnoses HIV Disease,16,Individuals with Prevalence HIV Disease,,Non Report. Suppressed count for New Diagnoses HIV Disease among IDU,5,Individuals with  Prevalence HIV Disease Among IDU,2015
Jefferson,33,42,065,33,"(41.1313909115, -79.0010181419)",,Non Report. Suppressed count for Individuals New Diagnoses HIV Disease,16,Individuals with Prevalence HIV Disease,,Non Report. Suppressed count for New Diagnoses HIV Disease among IDU,5,Individuals with Prevalence HIV Disease Among IDU,2016
Juniata,34,42,067,34,"(40.5343300836, -77.405775001)",,Non Report. Suppressed count for Individuals New Diagnoses HIV Disease,16,Individuals with Prevalence HIV Disease,,Non Report. Suppressed count for New Diagnoses HIV Disease among IDU,,Non Report. Suppressed count for Prevalence HIV Disease Among IDU,2015
Juniata,34,42,067,34,"(40.5343300836, -77.405775001)",,Non Report. Suppressed count for Individuals New Diagnoses HIV Disease,16,Individuals with Prevalence HIV Disease,,Non Report. Suppressed count for New Diagnoses HIV Disease among IDU,,Non Report. Suppressed count for Prevalence HIV Disease Among IDU,2016
Juniata,34,42,067,34,"(40.5343300836, -77.405775001)",,Non Report. Suppressed count for Individuals New Diagnoses HIV Disease,17,Individuals with Prevalence HIV Disease,,Non Report. Suppressed count for New Diagnoses HIV Disease among IDU,,Non Report. Suppressed count for Prevalence HIV Disease Among IDU,2012
Juniata,34,42,067,34,"(40.5343300836, -77.405775001)",,Non Report. Suppressed count for Individuals New Diagnoses HIV Disease,17,Individuals with Prevalence HIV Disease,,Non Report. Suppressed count for New Diagnoses HIV Disease among IDU,,Non Report. Suppressed count for Prevalence HIV Disease Among IDU,2013
Juniata,34,42,067,34,"(40.5343300836, -77.405775001)",,Non Report. Suppressed count for Individuals New Diagnoses HIV Disease,17,Individuals with Prevalence HIV Disease,,Non Report. Suppressed count for New Diagnoses HIV Disease among IDU,,Non Report. Suppressed count for Prevalence HIV Disease Among IDU,2014
Lackawanna,35,42,069,35,"(41.4391006428, -75.6121834524)",13,Individuals with New Diagnoses HIV Disease,307,Individuals with Prevalence HIV Disease,,Non Report. Suppressed count for New Diagnoses HIV Disease among IDU,67,Individuals with  Prevalence HIV Disease Among IDU,2016
Lackawanna,35,42,069,35,"(41.4391006428, -75.6121834524)",13,Individuals with New Diagnoses HIV Disease,277,Individuals with Prevalence HIV Disease,,Non Report. Suppressed count for New Diagnoses HIV Disease among IDU,68,Individuals with Prevalence HIV Disease Among IDU,2012
Lackawanna,35,42,069,35,"(41.4391006428, -75.6121834524)",11,Individuals with New Diagnoses HIV Disease,296,Individuals with Prevalence HIV Disease,,Non Report. Suppressed count for New Diagnoses HIV Disease among IDU,68,Individuals with  Prevalence HIV Disease Among IDU,2015
Lackawanna,35,42,069,35,"(41.4391006428, -75.6121834524)",9,Individuals with New Diagnoses HIV Disease,289,Individuals with Prevalence HIV Disease,,Non Report. Suppressed count for New Diagnoses HIV Disease among IDU,70,Individuals with Prevalence HIV Disease Among IDU,2014
Lackawanna,35,42,069,35,"(41.4391006428, -75.6121834524)",12,Individuals with New Diagnoses HIV Disease,283,Individuals with Prevalence HIV Disease,5,Non Report. Suppressed count for New Diagnoses HIV Disease among IDU,71,Individuals with  Prevalence HIV Disease Among IDU,2013
Lancaster,36,42,071,36,"(40.0459079619, -76.2513876838)",31,Individuals with New Diagnoses HIV Disease,798,Individuals with Prevalence HIV Disease,,Non Report. Suppressed count for New Diagnoses HIV Disease among IDU,182,Individuals with  Prevalence HIV Disease Among IDU,2012
Lancaster,36,42,071,36,"(40.0459079619, -76.2513876838)",27,Individuals with New Diagnoses HIV Disease,838,Individuals with Prevalence HIV Disease,,Non Report. Suppressed count for New Diagnoses HIV Disease among IDU,183,Individuals with Prevalence HIV Disease Among IDU,2014
Lancaster,36,42,071,36,"(40.0459079619, -76.2513876838)",34,Individuals with New Diagnoses HIV Disease,819,Individuals with Prevalence HIV Disease,,Non Report. Suppressed count for New Diagnoses HIV Disease among IDU,184,Individuals with  Prevalence HIV Disease Among IDU,2013
Lancaster,36,42,071,36,"(40.0459079619, -76.2513876838)",35,Individuals with New Diagnoses HIV Disease,860,Individuals with Prevalence HIV Disease,8,Individuals with New Diagnoses HIV Disease among IDU,185,Individuals with Prevalence HIV Disease Among IDU,2015
Lancaster,36,42,071,36,"(40.0459079619, -76.2513876838)",31,Individuals with New Diagnoses HIV Disease,881,Individuals with Prevalence HIV Disease,,Non Report. Suppressed count for New Diagnoses HIV Disease among IDU,185,Individuals with  Prevalence HIV Disease Among IDU,2016
Lawrence,37,42,073,37,"(40.9932503514, -80.3375411446)",,Non Report. Suppressed count for Individuals New Diagnoses HIV Disease,44,Individuals with Prevalence HIV Disease,,Non Report. Suppressed count for New Diagnoses HIV Disease among IDU,,Non Report. Suppressed count for Prevalence HIV Disease Among IDU,2012
Lawrence,37,42,073,37,"(40.9932503514, -80.3375411446)",,Non Report. Suppressed count for Individuals New Diagnoses HIV Disease,46,Individuals with Prevalence HIV Disease,,Non Report. Suppressed count for New Diagnoses HIV Disease among IDU,,Non Report. Suppressed count for Prevalence HIV Disease Among IDU,2013
Lawrence,37,42,073,37,"(40.9932503514, -80.3375411446)",5,Individuals with New Diagnoses HIV Disease,51,Individuals with Prevalence HIV Disease,,Non Report. Suppressed count for New Diagnoses HIV Disease among IDU,,Non Report. Suppressed count for Prevalence HIV Disease Among IDU,2014
Lawrence,37,42,073,37,"(40.9932503514, -80.3375411446)",,Non Report. Suppressed count for Individuals New Diagnoses HIV Disease,55,Individuals with Prevalence HIV Disease,,Non Report. Suppressed count for New Diagnoses HIV Disease among IDU,,Non Report. Suppressed count for Prevalence HIV Disease Among IDU,2016
Lawrence,37,42,073,37,"(40.9932503514, -80.3375411446)",5,Individuals with New Diagnoses HIV Disease,55,Individuals with Prevalence HIV Disease,,Non Report. Suppressed count for New Diagnoses HIV Disease among IDU,,Non Report. Suppressed count for Prevalence HIV Disease Among IDU,2015
Lebanon,38,42,075,38,"(40.3675970024, -76.4618257486)",6,Individuals with New Diagnoses HIV Disease,136,Individuals with Prevalence HIV Disease,,Non Report. Suppressed count for New Diagnoses HIV Disease among IDU,30,Individuals with Prevalence HIV Disease Among IDU,2014
Lebanon,38,42,075,38,"(40.3675970024, -76.4618257486)",9,Individuals with New Diagnoses HIV Disease,129,Individuals with Prevalence HIV Disease,,Non Report. Suppressed count for New Diagnoses HIV Disease among IDU,31,Individuals with Prevalence HIV Disease Among IDU,2012
Lebanon,38,42,075,38,"(40.3675970024, -76.4618257486)",6,Individuals with New Diagnoses HIV Disease,133,Individuals with Prevalence HIV Disease,,Non Report. Suppressed count for New Diagnoses HIV Disease among IDU,31,Individuals with  Prevalence HIV Disease Among IDU,2013
Lebanon,38,42,075,38,"(40.3675970024, -76.4618257486)",6,Individuals with New Diagnoses HIV Disease,139,Individuals with Prevalence HIV Disease,,Non Report. Suppressed count for New Diagnoses HIV Disease among IDU,31,Individuals with Prevalence HIV Disease Among IDU,2015
Lebanon,38,42,075,38,"(40.3675970024, -76.4618257486)",9,Individuals with New Diagnoses HIV Disease,147,Individuals with Prevalence HIV Disease,,Non Report. Suppressed count for New Diagnoses HIV Disease among IDU,31,Individuals with  Prevalence HIV Disease Among IDU,2016
Lehigh,39,42,077,39,"(40.6146479416, -75.6009948118)",39,Individuals with New Diagnoses HIV Disease,1053,Individuals with Prevalence HIV Disease,,Non Report. Suppressed count for New Diagnoses HIV Disease among IDU,275,Individuals with  Prevalence HIV Disease Among IDU,2016
Lehigh,39,42,077,39,"(40.6146479416, -75.6009948118)",27,Individuals with New Diagnoses HIV Disease,1029,Individuals with Prevalence HIV Disease,,Non Report. Suppressed count for New Diagnoses HIV Disease among IDU,279,Individuals with Prevalence HIV Disease Among IDU,2015
Lehigh,39,42,077,39,"(40.6146479416, -75.6009948118)",41,Individuals with New Diagnoses HIV Disease,1009,Individuals with Prevalence HIV Disease,5,Individuals with New Diagnoses HIV Disease among IDU,280,Individuals with  Prevalence HIV Disease Among IDU,2014
Lehigh,39,42,077,39,"(40.6146479416, -75.6009948118)",42,Individuals with New Diagnoses HIV Disease,958,Individuals with Prevalence HIV Disease,8,Individuals with New Diagnoses HIV Disease among IDU,281,Individuals with Prevalence HIV Disease Among IDU,2012
Lehigh,39,42,077,39,"(40.6146479416, -75.6009948118)",40,Individuals with New Diagnoses HIV Disease,986,Individuals with Prevalence HIV Disease,6,Individuals with New Diagnoses HIV Disease among IDU,284,Individuals with  Prevalence HIV Disease Among IDU,2013
Luzerne,40,42,079,40,"(41.1783643884, -75.991996098)",26,Individuals with New Diagnoses HIV Disease,360,Individuals with Prevalence HIV Disease,,Non Report. Suppressed count for New Diagnoses HIV Disease among IDU,81,Individuals with  Prevalence HIV Disease Among IDU,2015
Luzerne,40,42,079,40,"(41.1783643884, -75.991996098)",17,Individuals with New Diagnoses HIV Disease,347,Individuals with Prevalence HIV Disease,,Non Report. Suppressed count for New Diagnoses HIV Disease among IDU,84,Individuals with Prevalence HIV Disease Among IDU,2014
Luzerne,40,42,079,40,"(41.1783643884, -75.991996098)",17,Individuals with New Diagnoses HIV Disease,374,Individuals with Prevalence HIV Disease,,Non Report. Suppressed count for New Diagnoses HIV Disease among IDU,84,Individuals with  Prevalence HIV Disease Among IDU,2016
Luzerne,40,42,079,40,"(41.1783643884, -75.991996098)",17,Individuals with New Diagnoses HIV Disease,339,Individuals with Prevalence HIV Disease,,Non Report. Suppressed count for New Diagnoses HIV Disease among IDU,85,Individuals with Prevalence HIV Disease Among IDU,2013
Luzerne,40,42,079,40,"(41.1783643884, -75.991996098)",18,Individuals with New Diagnoses HIV Disease,333,Individuals with Prevalence HIV Disease,,Non Report. Suppressed count for New Diagnoses HIV Disease among IDU,87,Individuals with  Prevalence HIV Disease Among IDU,2012
Lycoming,41,42,081,41,"(41.3445979226, -77.069424568)",5,Individuals with New Diagnoses HIV Disease,226,Individuals with Prevalence HIV Disease,,Non Report. Suppressed count for New Diagnoses HIV Disease among IDU,94,Individuals with Prevalence HIV Disease Among IDU,2016
Lycoming,41,42,081,41,"(41.3445979226, -77.069424568)",,Non Report. Suppressed count for Individuals New Diagnoses HIV Disease,220,Individuals with Prevalence HIV Disease,,Non Report. Suppressed count for New Diagnoses HIV Disease among IDU,96,Individuals with Prevalence HIV Disease Among IDU,2014
Lycoming,41,42,081,41,"(41.3445979226, -77.069424568)",5,Individuals with New Diagnoses HIV Disease,223,Individuals with Prevalence HIV Disease,,Non Report. Suppressed count for New Diagnoses HIV Disease among IDU,96,Individuals with  Prevalence HIV Disease Among IDU,2015
Lycoming,41,42,081,41,"(41.3445979226, -77.069424568)",,Non Report. Suppressed count for Individuals New Diagnoses HIV Disease,222,Individuals with Prevalence HIV Disease,,Non Report. Suppressed count for New Diagnoses HIV Disease among IDU,100,Individuals with  Prevalence HIV Disease Among IDU,2013
Lycoming,41,42,081,41,"(41.3445979226, -77.069424568)",7,Individuals with New Diagnoses HIV Disease,222,Individuals with Prevalence HIV Disease,,Non Report. Suppressed count for New Diagnoses HIV Disease among IDU,102,Individuals with Prevalence HIV Disease Among IDU,2012
Mckean,42,42,083,42,"(41.810370736, -78.5712201998)",,Non Report. Suppressed count for Individuals New Diagnoses HIV Disease,27,Individuals with Prevalence HIV Disease,,Non Report. Suppressed count for New Diagnoses HIV Disease among IDU,11,Individuals with  Prevalence HIV Disease Among IDU,2012
Mckean,42,42,083,42,"(41.810370736, -78.5712201998)",,Non Report. Suppressed count for Individuals New Diagnoses HIV Disease,28,Individuals with Prevalence HIV Disease,,Non Report. Suppressed count for New Diagnoses HIV Disease among IDU,12,Individuals with  Prevalence HIV Disease Among IDU,2015
Mckean,42,42,083,42,"(41.810370736, -78.5712201998)",,Non Report. Suppressed count for Individuals New Diagnoses HIV Disease,29,Individuals with Prevalence HIV Disease,,Non Report. Suppressed count for New Diagnoses HIV Disease among IDU,12,Individuals with Prevalence HIV Disease Among IDU,2014
Mckean,42,42,083,42,"(41.810370736, -78.5712201998)",,Non Report. Suppressed count for Individuals New Diagnoses HIV Disease,29,Individuals with Prevalence HIV Disease,,Non Report. Suppressed count for New Diagnoses HIV Disease among IDU,12,Individuals with  Prevalence HIV Disease Among IDU,2016
Mckean,42,42,083,42,"(41.810370736, -78.5712201998)",,Non Report. Suppressed count for Individuals New Diagnoses HIV Disease,29,Individuals with Prevalence HIV Disease,,Non Report. Suppressed count for New Diagnoses HIV Disease among IDU,13,Individuals with  Prevalence HIV Disease Among IDU,2013
Mercer,43,42,085,43,"(41.302377765, -80.2600941079)",,Non Report. Suppressed count for Individuals New Diagnoses HIV Disease,66,Individuals with Prevalence HIV Disease,,Non Report. Suppressed count for New Diagnoses HIV Disease among IDU,9,Individuals with Prevalence HIV Disease Among IDU,2012
Mercer,43,42,085,43,"(41.302377765, -80.2600941079)",,Non Report. Suppressed count for Individuals New Diagnoses HIV Disease,67,Individuals with Prevalence HIV Disease,,Non Report. Suppressed count for New Diagnoses HIV Disease among IDU,9,Individuals with  Prevalence HIV Disease Among IDU,2013
Mercer,43,42,085,43,"(41.302377765, -80.2600941079)",,Non Report. Suppressed count for Individuals New Diagnoses HIV Disease,69,Individuals with Prevalence HIV Disease,,Non Report. Suppressed count for New Diagnoses HIV Disease among IDU,9,Individuals with Prevalence HIV Disease Among IDU,2014
Mercer,43,42,085,43,"(41.302377765, -80.2600941079)",,Non Report. Suppressed count for Individuals New Diagnoses HIV Disease,74,Individuals with Prevalence HIV Disease,,Non Report. Suppressed count for New Diagnoses HIV Disease among IDU,9,Individuals with  Prevalence HIV Disease Among IDU,2016
Mercer,43,42,085,43,"(41.302377765, -80.2600941079)",7,Individuals with New Diagnoses HIV Disease,76,Individuals with Prevalence HIV Disease,,Non Report. Suppressed count for New Diagnoses HIV Disease among IDU,9,Individuals with  Prevalence HIV Disease Among IDU,2015
Mifflin,44,42,087,44,"(40.6127492804, -77.6200308901)",,Non Report. Suppressed count for Individuals New Diagnoses HIV Disease,19,Individuals with Prevalence HIV Disease,,Non Report. Suppressed count for New Diagnoses HIV Disease among IDU,,Non Report. Suppressed count for Prevalence HIV Disease Among IDU,2012
Mifflin,44,42,087,44,"(40.6127492804, -77.6200308901)",,Non Report. Suppressed count for Individuals New Diagnoses HIV Disease,19,Individuals with Prevalence HIV Disease,,Non Report. Suppressed count for New Diagnoses HIV Disease among IDU,5,Individuals with  Prevalence HIV Disease Among IDU,2013
Mifflin,44,42,087,44,"(40.6127492804, -77.6200308901)",,Non Report. Suppressed count for Individuals New Diagnoses HIV Disease,19,Individuals with Prevalence HIV Disease,,Non Report. Suppressed count for New Diagnoses HIV Disease among IDU,5,Individuals with Prevalence HIV Disease Among IDU,2014
Mifflin,44,42,087,44,"(40.6127492804, -77.6200308901)",,Non Report. Suppressed count for Individuals New Diagnoses HIV Disease,19,Individuals with Prevalence HIV Disease,,Non Report. Suppressed count for New Diagnoses HIV Disease among IDU,5,Individuals with Prevalence HIV Disease Among IDU,2015
Mifflin,44,42,087,44,"(40.6127492804, -77.6200308901)",,Non Report. Suppressed count for Individuals New Diagnoses HIV Disease,19,Individuals with Prevalence HIV Disease,,Non Report. Suppressed count for New Diagnoses HIV Disease among IDU,5,Individuals with  Prevalence HIV Disease Among IDU,2016
Monroe,45,42,089,45,"(41.0609178653, -75.3408360302)",14,Individuals with New Diagnoses HIV Disease,266,Individuals with Prevalence HIV Disease,,Non Report. Suppressed count for New Diagnoses HIV Disease among IDU,35,Individuals with Prevalence HIV Disease Among IDU,2012
Monroe,45,42,089,45,"(41.0609178653, -75.3408360302)",17,Individuals with New Diagnoses HIV Disease,280,Individuals with Prevalence HIV Disease,,Non Report. Suppressed count for New Diagnoses HIV Disease among IDU,37,Individuals with  Prevalence HIV Disease Among IDU,2013
Monroe,45,42,089,45,"(41.0609178653, -75.3408360302)",11,Individuals with New Diagnoses HIV Disease,291,Individuals with Prevalence HIV Disease,,Non Report. Suppressed count for New Diagnoses HIV Disease among IDU,37,Individuals with Prevalence HIV Disease Among IDU,2015
Monroe,45,42,089,45,"(41.0609178653, -75.3408360302)",10,Individuals with New Diagnoses HIV Disease,299,Individuals with Prevalence HIV Disease,,Non Report. Suppressed count for New Diagnoses HIV Disease among IDU,37,Individuals with  Prevalence HIV Disease Among IDU,2016
Monroe,45,42,089,45,"(41.0609178653, -75.3408360302)",9,Individuals with New Diagnoses HIV Disease,285,Individuals with Prevalence HIV Disease,,Non Report. Suppressed count for New Diagnoses HIV Disease among IDU,38,Individuals with  Prevalence HIV Disease Among IDU,2014
Montgomery,46,42,091,46,"(40.209898739, -75.3725200072)",23,Individuals with New Diagnoses HIV Disease,1131,Individuals with Prevalence HIV Disease,,Non Report. Suppressed count for New Diagnoses HIV Disease among IDU,217,Individuals with  Prevalence HIV Disease Among IDU,2016
Montgomery,46,42,091,46,"(40.209898739, -75.3725200072)",70,Individuals with New Diagnoses HIV Disease,1073,Individuals with Prevalence HIV Disease,,Non Report. Suppressed count for New Diagnoses HIV Disease among IDU,221,Individuals with  Prevalence HIV Disease Among IDU,2013
Montgomery,46,42,091,46,"(40.209898739, -75.3725200072)",46,Individuals with New Diagnoses HIV Disease,1103,Individuals with Prevalence HIV Disease,,Non Report. Suppressed count for New Diagnoses HIV Disease among IDU,221,Individuals with Prevalence HIV Disease Among IDU,2014
Montgomery,46,42,091,46,"(40.209898739, -75.3725200072)",36,Individuals with New Diagnoses HIV Disease,1126,Individuals with Prevalence HIV Disease,,Non Report. Suppressed count for New Diagnoses HIV Disease among IDU,221,Individuals with  Prevalence HIV Disease Among IDU,2015
Montgomery,46,42,091,46,"(40.209898739, -75.3725200072)",48,Individuals with New Diagnoses HIV Disease,1021,Individuals with Prevalence HIV Disease,,Non Report. Suppressed count for New Diagnoses HIV Disease among IDU,222,Individuals with Prevalence HIV Disease Among IDU,2012
Montour,47,42,093,47,"(41.0280182438, -76.6647052668)",,Non Report. Suppressed count for Individuals New Diagnoses HIV Disease,17,Individuals with Prevalence HIV Disease,,Non Report. Suppressed count for New Diagnoses HIV Disease among IDU,,Non Report. Suppressed count for Prevalence HIV Disease Among IDU,2012
Montour,47,42,093,47,"(41.0280182438, -76.6647052668)",,Non Report. Suppressed count for Individuals New Diagnoses HIV Disease,17,Individuals with Prevalence HIV Disease,,Non Report. Suppressed count for New Diagnoses HIV Disease among IDU,,Non Report. Suppressed count for Prevalence HIV Disease Among IDU,2013
Montour,47,42,093,47,"(41.0280182438, -76.6647052668)",,Non Report. Suppressed count for Individuals New Diagnoses HIV Disease,17,Individuals with Prevalence HIV Disease,,Non Report. Suppressed count for New Diagnoses HIV Disease among IDU,,Non Report. Suppressed count for Prevalence HIV Disease Among IDU,2014
Montour,47,42,093,47,"(41.0280182438, -76.6647052668)",,Non Report. Suppressed count for Individuals New Diagnoses HIV Disease,17,Individuals with Prevalence HIV Disease,,Non Report. Suppressed count for New Diagnoses HIV Disease among IDU,,Non Report. Suppressed count for Prevalence HIV Disease Among IDU,2015
Montour,47,42,093,47,"(41.0280182438, -76.6647052668)",,Non Report. Suppressed count for Individuals New Diagnoses HIV Disease,18,Individuals with Prevalence HIV Disease,,Non Report. Suppressed count for New Diagnoses HIV Disease among IDU,,Non Report. Suppressed count for Prevalence HIV Disease Among IDU,2016
Northampton,48,42,095,48,"(40.754595404, -75.3126372576)",,Non Report. Suppressed count for Individuals New Diagnoses HIV Disease,408,Individuals with Prevalence HIV Disease,,Non Report. Suppressed count for New Diagnoses HIV Disease among IDU,128,Individuals with Prevalence HIV Disease Among IDU,2016
Northampton,48,42,095,48,"(40.754595404, -75.3126372576)",9,Individuals with New Diagnoses HIV Disease,407,Individuals with Prevalence HIV Disease,,Non Report. Suppressed count for New Diagnoses HIV Disease among IDU,129,Individuals with  Prevalence HIV Disease Among IDU,2015
Northampton,48,42,095,48,"(40.754595404, -75.3126372576)",,Non Report. Suppressed count for Individuals New Diagnoses HIV Disease,384,Individuals with Prevalence HIV Disease,,Non Report. Suppressed count for New Diagnoses HIV Disease among IDU,131,Individuals with  Prevalence HIV Disease Among IDU,2012
Northampton,48,42,095,48,"(40.754595404, -75.3126372576)",25,Individuals with New Diagnoses HIV Disease,405,Individuals with Prevalence HIV Disease,,Non Report. Suppressed count for New Diagnoses HIV Disease among IDU,131,Individuals with  Prevalence HIV Disease Among IDU,2013
Northampton,48,42,095,48,"(40.754595404, -75.3126372576)",5,Individuals with New Diagnoses HIV Disease,406,Individuals with Prevalence HIV Disease,,Non Report. Suppressed count for New Diagnoses HIV Disease among IDU,132,Individuals with  Prevalence HIV Disease Among IDU,2014
Northumberland,49,42,097,49,"(40.8515092572, -76.7118842273)",,Non Report. Suppressed count for Individuals New Diagnoses HIV Disease,77,Individuals with Prevalence HIV Disease,,Non Report. Suppressed count for New Diagnoses HIV Disease among IDU,25,Individuals with  Prevalence HIV Disease Among IDU,2014
Northumberland,49,42,097,49,"(40.8515092572, -76.7118842273)",,Non Report. Suppressed count for Individuals New Diagnoses HIV Disease,79,Individuals with Prevalence HIV Disease,,Non Report. Suppressed count for New Diagnoses HIV Disease among IDU,25,Individuals with Prevalence HIV Disease Among IDU,2015
Northumberland,49,42,097,49,"(40.8515092572, -76.7118842273)",,Non Report. Suppressed count for Individuals New Diagnoses HIV Disease,80,Individuals with Prevalence HIV Disease,,Non Report. Suppressed count for New Diagnoses HIV Disease among IDU,25,Individuals with  Prevalence HIV Disease Among IDU,2016
Northumberland,49,42,097,49,"(40.8515092572, -76.7118842273)",,Non Report. Suppressed count for Individuals New Diagnoses HIV Disease,77,Individuals with Prevalence HIV Disease,,Non Report. Suppressed count for New Diagnoses HIV Disease among IDU,26,Individuals with  Prevalence HIV Disease Among IDU,2013
Northumberland,49,42,097,49,"(40.8515092572, -76.7118842273)",,Non Report. Suppressed count for Individuals New Diagnoses HIV Disease,75,Individuals with Prevalence HIV Disease,,Non Report. Suppressed count for New Diagnoses HIV Disease among IDU,27,Individuals with Prevalence HIV Disease Among IDU,2012
Perry,50,42,099,50,"(40.4041531744, -77.2590738496)",,Non Report. Suppressed count for Individuals New Diagnoses HIV Disease,27,Individuals with Prevalence HIV Disease,,Non Report. Suppressed count for New Diagnoses HIV Disease among IDU,5,Individuals with Prevalence HIV Disease Among IDU,2012
Perry,50,42,099,50,"(40.4041531744, -77.2590738496)",,Non Report. Suppressed count for Individuals New Diagnoses HIV Disease,29,Individuals with Prevalence HIV Disease,,Non Report. Suppressed count for New Diagnoses HIV Disease among IDU,5,Individuals with  Prevalence HIV Disease Among IDU,2013
Perry,50,42,099,50,"(40.4041531744, -77.2590738496)",,Non Report. Suppressed count for Individuals New Diagnoses HIV Disease,31,Individuals with Prevalence HIV Disease,,Non Report. Suppressed count for New Diagnoses HIV Disease among IDU,5,Individuals with Prevalence HIV Disease Among IDU,2014
Perry,50,42,099,50,"(40.4041531744, -77.2590738496)",,Non Report. Suppressed count for Individuals New Diagnoses HIV Disease,33,Individuals with Prevalence HIV Disease,,Non Report. Suppressed count for New Diagnoses HIV Disease among IDU,6,Individuals with  Prevalence HIV Disease Among IDU,2015
Perry,50,42,099,50,"(40.4041531744, -77.2590738496)",,Non Report. Suppressed count for Individuals New Diagnoses HIV Disease,33,Individuals with Prevalence HIV Disease,,Non Report. Suppressed count for New Diagnoses HIV Disease among IDU,6,Individuals with Prevalence HIV Disease Among IDU,2016
Philadelphia,51,42,101,51,"(40.0044435384, -75.140236002)",382,Individuals with New Diagnoses HIV Disease,18259,Individuals with Prevalence HIV Disease,28,Individuals with New Diagnoses HIV Disease among IDU,4563,Individuals with  Prevalence HIV Disease Among IDU,2016
Philadelphia,51,42,101,51,"(40.0044435384, -75.140236002)",534,Individuals with New Diagnoses HIV Disease,18118,Individuals with Prevalence HIV Disease,31,Individuals with New Diagnoses HIV Disease among IDU,4627,Individuals with Prevalence HIV Disease Among IDU,2015
Philadelphia,51,42,101,51,"(40.0044435384, -75.140236002)",563,Individuals with New Diagnoses HIV Disease,17861,Individuals with Prevalence HIV Disease,46,Individuals with New Diagnoses HIV Disease among IDU,4712,Individuals with  Prevalence HIV Disease Among IDU,2014
Philadelphia,51,42,101,51,"(40.0044435384, -75.140236002)",637,Individuals with New Diagnoses HIV Disease,17630,Individuals with Prevalence HIV Disease,51,Individuals with New Diagnoses HIV Disease among IDU,4806,Individuals with Prevalence HIV Disease Among IDU,2013
Philadelphia,51,42,101,51,"(40.0044435384, -75.140236002)",735,Individuals with New Diagnoses HIV Disease,17348,Individuals with Prevalence HIV Disease,92,Individuals with New Diagnoses HIV Disease among IDU,4905,Individuals with  Prevalence HIV Disease Among IDU,2012
Pike,52,42,103,52,"(41.332571995, -75.0327092448)",,Non Report. Suppressed count for Individuals New Diagnoses HIV Disease,81,Individuals with Prevalence HIV Disease,,Non Report. Suppressed count for New Diagnoses HIV Disease among IDU,19,Individuals with  Prevalence HIV Disease Among IDU,2012
Pike,52,42,103,52,"(41.332571995, -75.0327092448)",12,Individuals with New Diagnoses HIV Disease,92,Individuals with Prevalence HIV Disease,,Non Report. Suppressed count for New Diagnoses HIV Disease among IDU,20,Individuals with Prevalence HIV Disease Among IDU,2013
Pike,52,42,103,52,"(41.332571995, -75.0327092448)",,Non Report. Suppressed count for Individuals New Diagnoses HIV Disease,94,Individuals with Prevalence HIV Disease,,Non Report. Suppressed count for New Diagnoses HIV Disease among IDU,20,Individuals with  Prevalence HIV Disease Among IDU,2014
Pike,52,42,103,52,"(41.332571995, -75.0327092448)",,Non Report. Suppressed count for Individuals New Diagnoses HIV Disease,95,Individuals with Prevalence HIV Disease,,Non Report. Suppressed count for New Diagnoses HIV Disease among IDU,20,Individuals with Prevalence HIV Disease Among IDU,2015
Pike,52,42,103,52,"(41.332571995, -75.0327092448)",,Non Report. Suppressed count for Individuals New Diagnoses HIV Disease,97,Individuals with Prevalence HIV Disease,,Non Report. Suppressed count for New Diagnoses HIV Disease among IDU,20,Individuals with  Prevalence HIV Disease Among IDU,2016
Potter,53,42,105,53,"(41.7442064382, -77.8987922939)",,Non Report. Suppressed count for Individuals New Diagnoses HIV Disease,,Non Report. Suppressed count for Individuals Prevalence HIV Disease,,Non Report. Suppressed count for New Diagnoses HIV Disease among IDU,,Non Report. Suppressed count for Prevalence HIV Disease Among IDU,2012
Potter,53,42,105,53,"(41.7442064382, -77.8987922939)",,Non Report. Suppressed count for Individuals New Diagnoses HIV Disease,,Non Report. Suppressed count for Individuals Prevalence HIV Disease,,Non Report. Suppressed count for New Diagnoses HIV Disease among IDU,,Non Report. Suppressed count for Prevalence HIV Disease Among IDU,2013
Potter,53,42,105,53,"(41.7442064382, -77.8987922939)",,Non Report. Suppressed count for Individuals New Diagnoses HIV Disease,,Non Report. Suppressed count for Individuals Prevalence HIV Disease,,Non Report. Suppressed count for New Diagnoses HIV Disease among IDU,,Non Report. Suppressed count for Prevalence HIV Disease Among IDU,2014
Potter,53,42,105,53,"(41.7442064382, -77.8987922939)",,Non Report. Suppressed count for Individuals New Diagnoses HIV Disease,,Non Report. Suppressed count for Individuals Prevalence HIV Disease,,Non Report. Suppressed count for New Diagnoses HIV Disease among IDU,,Non Report. Suppressed count for Prevalence HIV Disease Among IDU,2015
Potter,53,42,105,53,"(41.7442064382, -77.8987922939)",,Non Report. Suppressed count for Individuals New Diagnoses HIV Disease,,Non Report. Suppressed count for Individuals Prevalence HIV Disease,,Non Report. Suppressed count for New Diagnoses HIV Disease among IDU,,Non Report. Suppressed count for Prevalence HIV Disease Among IDU,2016
Schuylkill,54,42,107,54,"(40.707512431, -76.223323851)",5,Individuals with New Diagnoses HIV Disease,140,Individuals with Prevalence HIV Disease,,Non Report. Suppressed count for New Diagnoses HIV Disease among IDU,52,Individuals with  Prevalence HIV Disease Among IDU,2016
Schuylkill,54,42,107,54,"(40.707512431, -76.223323851)",,Non Report. Suppressed count for Individuals New Diagnoses HIV Disease,139,Individuals with Prevalence HIV Disease,,Non Report. Suppressed count for New Diagnoses HIV Disease among IDU,53,Individuals with Prevalence HIV Disease Among IDU,2015
Schuylkill,54,42,107,54,"(40.707512431, -76.223323851)",,Non Report. Suppressed count for Individuals New Diagnoses HIV Disease,139,Individuals with Prevalence HIV Disease,,Non Report. Suppressed count for New Diagnoses HIV Disease among IDU,55,Individuals with Prevalence HIV Disease Among IDU,2014
Schuylkill,54,42,107,54,"(40.707512431, -76.223323851)",6,Individuals with New Diagnoses HIV Disease,140,Individuals with Prevalence HIV Disease,,Non Report. Suppressed count for New Diagnoses HIV Disease among IDU,59,Individuals with  Prevalence HIV Disease Among IDU,2013
Schuylkill,54,42,107,54,"(40.707512431, -76.223323851)",8,Individuals with New Diagnoses HIV Disease,137,Individuals with Prevalence HIV Disease,,Non Report. Suppressed count for New Diagnoses HIV Disease among IDU,60,Individuals with Prevalence HIV Disease Among IDU,2012
Snyder,55,42,109,55,"(40.7711373692, -77.0725596804)",,Non Report. Suppressed count for Individuals New Diagnoses HIV Disease,17,Individuals with Prevalence HIV Disease,,Non Report. Suppressed count for New Diagnoses HIV Disease among IDU,7,Individuals with Prevalence HIV Disease Among IDU,2012
Snyder,55,42,109,55,"(40.7711373692, -77.0725596804)",,Non Report. Suppressed count for Individuals New Diagnoses HIV Disease,17,Individuals with Prevalence HIV Disease,,Non Report. Suppressed count for New Diagnoses HIV Disease among IDU,7,Individuals with  Prevalence HIV Disease Among IDU,2013
Snyder,55,42,109,55,"(40.7711373692, -77.0725596804)",,Non Report. Suppressed count for Individuals New Diagnoses HIV Disease,18,Individuals with Prevalence HIV Disease,,Non Report. Suppressed count for New Diagnoses HIV Disease among IDU,7,Individuals with Prevalence HIV Disease Among IDU,2014
Snyder,55,42,109,55,"(40.7711373692, -77.0725596804)",,Non Report. Suppressed count for Individuals New Diagnoses HIV Disease,18,Individuals with Prevalence HIV Disease,,Non Report. Suppressed count for New Diagnoses HIV Disease among IDU,7,Individuals with  Prevalence HIV Disease Among IDU,2015
Snyder,55,42,109,55,"(40.7711373692, -77.0725596804)",,Non Report. Suppressed count for Individuals New Diagnoses HIV Disease,20,Individuals with Prevalence HIV Disease,,Non Report. Suppressed count for New Diagnoses HIV Disease among IDU,7,Individuals with Prevalence HIV Disease Among IDU,2016
Somerset,56,42,111,56,"(39.9714629901, -79.0310020611)",,Non Report. Suppressed count for Individuals New Diagnoses HIV Disease,85,Individuals with Prevalence HIV Disease,,Non Report. Suppressed count for New Diagnoses HIV Disease among IDU,34,Individuals with Prevalence HIV Disease Among IDU,2012
Somerset,56,42,111,56,"(39.9714629901, -79.0310020611)",,Non Report. Suppressed count for Individuals New Diagnoses HIV Disease,86,Individuals with Prevalence HIV Disease,,Non Report. Suppressed count for New Diagnoses HIV Disease among IDU,35,Individuals with  Prevalence HIV Disease Among IDU,2013
Somerset,56,42,111,56,"(39.9714629901, -79.0310020611)",,Non Report. Suppressed count for Individuals New Diagnoses HIV Disease,86,Individuals with Prevalence HIV Disease,,Non Report. Suppressed count for New Diagnoses HIV Disease among IDU,35,Individuals with Prevalence HIV Disease Among IDU,2014
Somerset,56,42,111,56,"(39.9714629901, -79.0310020611)",,Non Report. Suppressed count for Individuals New Diagnoses HIV Disease,87,Individuals with Prevalence HIV Disease,,Non Report. Suppressed count for New Diagnoses HIV Disease among IDU,35,Individuals with  Prevalence HIV Disease Among IDU,2015
Somerset,56,42,111,56,"(39.9714629901, -79.0310020611)",,Non Report. Suppressed count for Individuals New Diagnoses HIV Disease,88,Individuals with Prevalence HIV Disease,,Non Report. Suppressed count for New Diagnoses HIV Disease among IDU,35,Individuals with Prevalence HIV Disease Among IDU,2016
Sullivan,57,42,113,57,"(41.4480993958, -76.5147922046)",,Non Report. Suppressed count for Individuals New Diagnoses HIV Disease,6,Individuals with Prevalence HIV Disease,,Non Report. Suppressed count for New Diagnoses HIV Disease among IDU,,Non Report. Suppressed count for Prevalence HIV Disease Among IDU,2012
Sullivan,57,42,113,57,"(41.4480993958, -76.5147922046)",,Non Report. Suppressed count for Individuals New Diagnoses HIV Disease,6,Individuals with Prevalence HIV Disease,,Non Report. Suppressed count for New Diagnoses HIV Disease among IDU,,Non Report. Suppressed count for Prevalence HIV Disease Among IDU,2013
Sullivan,57,42,113,57,"(41.4480993958, -76.5147922046)",,Non Report. Suppressed count for Individuals New Diagnoses HIV Disease,7,Individuals with Prevalence HIV Disease,,Non Report. Suppressed count for New Diagnoses HIV Disease among IDU,,Non Report. Suppressed count for Prevalence HIV Disease Among IDU,2014
Sullivan,57,42,113,57,"(41.4480993958, -76.5147922046)",,Non Report. Suppressed count for Individuals New Diagnoses HIV Disease,7,Individuals with Prevalence HIV Disease,,Non Report. Suppressed count for New Diagnoses HIV Disease among IDU,,Non Report. Suppressed count for Prevalence HIV Disease Among IDU,2015
Sullivan,57,42,113,57,"(41.4480993958, -76.5147922046)",,Non Report. Suppressed count for Individuals New Diagnoses HIV Disease,8,Individuals with Prevalence HIV Disease,,Non Report. Suppressed count for New Diagnoses HIV Disease among IDU,,Non Report. Suppressed count for Prevalence HIV Disease Among IDU,2016
Susquehanna,58,42,115,58,"(41.8205685982, -75.8025030296)",,Non Report. Suppressed count for Individuals New Diagnoses HIV Disease,18,Individuals with Prevalence HIV Disease,,Non Report. Suppressed count for New Diagnoses HIV Disease among IDU,5,Individuals with  Prevalence HIV Disease Among IDU,2012
Susquehanna,58,42,115,58,"(41.8205685982, -75.8025030296)",,Non Report. Suppressed count for Individuals New Diagnoses HIV Disease,18,Individuals with Prevalence HIV Disease,,Non Report. Suppressed count for New Diagnoses HIV Disease among IDU,5,Individuals with Prevalence HIV Disease Among IDU,2013
Susquehanna,58,42,115,58,"(41.8205685982, -75.8025030296)",,Non Report. Suppressed count for Individuals New Diagnoses HIV Disease,19,Individuals with Prevalence HIV Disease,,Non Report. Suppressed count for New Diagnoses HIV Disease among IDU,5,Individuals with  Prevalence HIV Disease Among IDU,2014
Susquehanna,58,42,115,58,"(41.8205685982, -75.8025030296)",,Non Report. Suppressed count for Individuals New Diagnoses HIV Disease,20,Individuals with Prevalence HIV Disease,,Non Report. Suppressed count for New Diagnoses HIV Disease among IDU,6,Individuals with  Prevalence HIV Disease Among IDU,2015
Susquehanna,58,42,115,58,"(41.8205685982, -75.8025030296)",,Non Report. Suppressed count for Individuals New Diagnoses HIV Disease,20,Individuals with Prevalence HIV Disease,,Non Report. Suppressed count for New Diagnoses HIV Disease among IDU,6,Individuals with Prevalence HIV Disease Among IDU,2016
Tioga,59,42,117,59,"(41.7733383358, -77.2578807579)",,Non Report. Suppressed count for Individuals New Diagnoses HIV Disease,20,Individuals with Prevalence HIV Disease,,Non Report. Suppressed count for New Diagnoses HIV Disease among IDU,,Non Report. Suppressed count for Prevalence HIV Disease Among IDU,2014
Tioga,59,42,117,59,"(41.7733383358, -77.2578807579)",,Non Report. Suppressed count for Individuals New Diagnoses HIV Disease,21,Individuals with Prevalence HIV Disease,,Non Report. Suppressed count for New Diagnoses HIV Disease among IDU,,Non Report. Suppressed count for Prevalence HIV Disease Among IDU,2012
Tioga,59,42,117,59,"(41.7733383358, -77.2578807579)",,Non Report. Suppressed count for Individuals New Diagnoses HIV Disease,21,Individuals with Prevalence HIV Disease,,Non Report. Suppressed count for New Diagnoses HIV Disease among IDU,,Non Report. Suppressed count for Prevalence HIV Disease Among IDU,2013
Tioga,59,42,117,59,"(41.7733383358, -77.2578807579)",,Non Report. Suppressed count for Individuals New Diagnoses HIV Disease,21,Individuals with Prevalence HIV Disease,,Non Report. Suppressed count for New Diagnoses HIV Disease among IDU,,Non Report. Suppressed count for Prevalence HIV Disease Among IDU,2015
Tioga,59,42,117,59,"(41.7733383358, -77.2578807579)",,Non Report. Suppressed count for Individuals New Diagnoses HIV Disease,21,Individuals with Prevalence HIV Disease,,Non Report. Suppressed count for New Diagnoses HIV Disease among IDU,,Non Report. Suppressed count for Prevalence HIV Disease Among IDU,2016
Union,60,42,119,60,"(40.9647313096, -77.0641580308)",,Non Report. Suppressed count for Individuals New Diagnoses HIV Disease,127,Individuals with Prevalence HIV Disease,,Non Report. Suppressed count for New Diagnoses HIV Disease among IDU,55,Individuals with  Prevalence HIV Disease Among IDU,2016
Union,60,42,119,60,"(40.9647313096, -77.0641580308)",,Non Report. Suppressed count for Individuals New Diagnoses HIV Disease,126,Individuals with Prevalence HIV Disease,,Non Report. Suppressed count for New Diagnoses HIV Disease among IDU,56,Individuals with  Prevalence HIV Disease Among IDU,2012
Union,60,42,119,60,"(40.9647313096, -77.0641580308)",,Non Report. Suppressed count for Individuals New Diagnoses HIV Disease,128,Individuals with Prevalence HIV Disease,,Non Report. Suppressed count for New Diagnoses HIV Disease among IDU,56,Individuals with Prevalence HIV Disease Among IDU,2015
Union,60,42,119,60,"(40.9647313096, -77.0641580308)",,Non Report. Suppressed count for Individuals New Diagnoses HIV Disease,127,Individuals with Prevalence HIV Disease,,Non Report. Suppressed count for New Diagnoses HIV Disease among IDU,57,Individuals with  Prevalence HIV Disease Among IDU,2014
Union,60,42,119,60,"(40.9647313096, -77.0641580308)",,Non Report. Suppressed count for Individuals New Diagnoses HIV Disease,128,Individuals with Prevalence HIV Disease,,Non Report. Suppressed count for New Diagnoses HIV Disease among IDU,57,Individuals with Prevalence HIV Disease Among IDU,2013
Venango,61,42,121,61,"(41.4034125863, -79.7628656104)",,Non Report. Suppressed count for Individuals New Diagnoses HIV Disease,17,Individuals with Prevalence HIV Disease,,Non Report. Suppressed count for New Diagnoses HIV Disease among IDU,,Non Report. Suppressed count for Prevalence HIV Disease Among IDU,2012
Venango,61,42,121,61,"(41.4034125863, -79.7628656104)",,Non Report. Suppressed count for Individuals New Diagnoses HIV Disease,18,Individuals with Prevalence HIV Disease,,Non Report. Suppressed count for New Diagnoses HIV Disease among IDU,,Non Report. Suppressed count for Prevalence HIV Disease Among IDU,2013
Venango,61,42,121,61,"(41.4034125863, -79.7628656104)",,Non Report. Suppressed count for Individuals New Diagnoses HIV Disease,18,Individuals with Prevalence HIV Disease,,Non Report. Suppressed count for New Diagnoses HIV Disease among IDU,,Non Report. Suppressed count for Prevalence HIV Disease Among IDU,2014
Venango,61,42,121,61,"(41.4034125863, -79.7628656104)",,Non Report. Suppressed count for Individuals New Diagnoses HIV Disease,20,Individuals with Prevalence HIV Disease,,Non Report. Suppressed count for New Diagnoses HIV Disease among IDU,,Non Report. Suppressed count for Prevalence HIV Disease Among IDU,2015
Venango,61,42,121,61,"(41.4034125863, -79.7628656104)",,Non Report. Suppressed count for Individuals New Diagnoses HIV Disease,21,Individuals with Prevalence HIV Disease,,Non Report. Suppressed count for New Diagnoses HIV Disease among IDU,,Non Report. Suppressed count for Prevalence HIV Disease Among IDU,2016
Warren,62,42,123,62,"(41.8167523652, -79.278581578)",,Non Report. Suppressed count for Individuals New Diagnoses HIV Disease,22,Individuals with Prevalence HIV Disease,,Non Report. Suppressed count for New Diagnoses HIV Disease among IDU,6,Individuals with  Prevalence HIV Disease Among IDU,2012
Warren,62,42,123,62,"(41.8167523652, -79.278581578)",,Non Report. Suppressed count for Individuals New Diagnoses HIV Disease,22,Individuals with Prevalence HIV Disease,,Non Report. Suppressed count for New Diagnoses HIV Disease among IDU,6,Individuals with Prevalence HIV Disease Among IDU,2013
Warren,62,42,123,62,"(41.8167523652, -79.278581578)",,Non Report. Suppressed count for Individuals New Diagnoses HIV Disease,22,Individuals with Prevalence HIV Disease,,Non Report. Suppressed count for New Diagnoses HIV Disease among IDU,6,Individuals with  Prevalence HIV Disease Among IDU,2014
Warren,62,42,123,62,"(41.8167523652, -79.278581578)",,Non Report. Suppressed count for Individuals New Diagnoses HIV Disease,23,Individuals with Prevalence HIV Disease,,Non Report. Suppressed count for New Diagnoses HIV Disease among IDU,6,Individuals with Prevalence HIV Disease Among IDU,2015
Warren,62,42,123,62,"(41.8167523652, -79.278581578)",,Non Report. Suppressed count for Individuals New Diagnoses HIV Disease,23,Individuals with Prevalence HIV Disease,,Non Report. Suppressed count for New Diagnoses HIV Disease among IDU,6,Individuals with  Prevalence HIV Disease Among IDU,2016
Washington,63,42,125,63,"(40.1910966345, -80.2518008276)",,Non Report. Suppressed count for Individuals New Diagnoses HIV Disease,109,Individuals with Prevalence HIV Disease,,Non Report. Suppressed count for New Diagnoses HIV Disease among IDU,11,Individuals with  Prevalence HIV Disease Among IDU,2015
Washington,63,42,125,63,"(40.1910966345, -80.2518008276)",7,Individuals with New Diagnoses HIV Disease,104,Individuals with Prevalence HIV Disease,,Non Report. Suppressed count for New Diagnoses HIV Disease among IDU,12,Individuals with  Prevalence HIV Disease Among IDU,2012
Washington,63,42,125,63,"(40.1910966345, -80.2518008276)",,Non Report. Suppressed count for Individuals New Diagnoses HIV Disease,110,Individuals with Prevalence HIV Disease,,Non Report. Suppressed count for New Diagnoses HIV Disease among IDU,12,Individuals with  Prevalence HIV Disease Among IDU,2014
Washington,63,42,125,63,"(40.1910966345, -80.2518008276)",,Non Report. Suppressed count for Individuals New Diagnoses HIV Disease,111,Individuals with Prevalence HIV Disease,,Non Report. Suppressed count for New Diagnoses HIV Disease among IDU,12,Individuals with Prevalence HIV Disease Among IDU,2016
Washington,63,42,125,63,"(40.1910966345, -80.2518008276)",9,Individuals with New Diagnoses HIV Disease,111,Individuals with Prevalence HIV Disease,,Non Report. Suppressed count for New Diagnoses HIV Disease among IDU,12,Individuals with Prevalence HIV Disease Among IDU,2013
Wayne,64,42,127,64,"(41.6496980525, -75.3051535022)",,Non Report. Suppressed count for Individuals New Diagnoses HIV Disease,61,Individuals with Prevalence HIV Disease,,Non Report. Suppressed count for New Diagnoses HIV Disease among IDU,28,Individuals with  Prevalence HIV Disease Among IDU,2012
Wayne,64,42,127,64,"(41.6496980525, -75.3051535022)",,Non Report. Suppressed count for Individuals New Diagnoses HIV Disease,63,Individuals with Prevalence HIV Disease,,Non Report. Suppressed count for New Diagnoses HIV Disease among IDU,29,Individuals with  Prevalence HIV Disease Among IDU,2013
Wayne,64,42,127,64,"(41.6496980525, -75.3051535022)",5,Individuals with New Diagnoses HIV Disease,65,Individuals with Prevalence HIV Disease,,Non Report. Suppressed count for New Diagnoses HIV Disease among IDU,29,Individuals with Prevalence HIV Disease Among IDU,2014
Wayne,64,42,127,64,"(41.6496980525, -75.3051535022)",,Non Report. Suppressed count for Individuals New Diagnoses HIV Disease,67,Individuals with Prevalence HIV Disease,,Non Report. Suppressed count for New Diagnoses HIV Disease among IDU,30,Individuals with  Prevalence HIV Disease Among IDU,2015
Wayne,64,42,127,64,"(41.6496980525, -75.3051535022)",,Non Report. Suppressed count for Individuals New Diagnoses HIV Disease,67,Individuals with Prevalence HIV Disease,,Non Report. Suppressed count for New Diagnoses HIV Disease among IDU,30,Individuals with Prevalence HIV Disease Among IDU,2016
Westmoreland,65,42,129,65,"(40.3103149985, -79.471341176)",,Non Report. Suppressed count for Individuals New Diagnoses HIV Disease,160,Individuals with Prevalence HIV Disease,,Non Report. Suppressed count for New Diagnoses HIV Disease among IDU,24,Individuals with Prevalence HIV Disease Among IDU,2013
Westmoreland,65,42,129,65,"(40.3103149985, -79.471341176)",9,Individuals with New Diagnoses HIV Disease,158,Individuals with Prevalence HIV Disease,,Non Report. Suppressed count for New Diagnoses HIV Disease among IDU,25,Individuals with  Prevalence HIV Disease Among IDU,2012
Westmoreland,65,42,129,65,"(40.3103149985, -79.471341176)",16,Individuals with New Diagnoses HIV Disease,172,Individuals with Prevalence HIV Disease,,Non Report. Suppressed count for New Diagnoses HIV Disease among IDU,25,Individuals with Prevalence HIV Disease Among IDU,2014
Westmoreland,65,42,129,65,"(40.3103149985, -79.471341176)",,Non Report. Suppressed count for Individuals New Diagnoses HIV Disease,176,Individuals with Prevalence HIV Disease,,Non Report. Suppressed count for New Diagnoses HIV Disease among IDU,26,Individuals with  Prevalence HIV Disease Among IDU,2016
Westmoreland,65,42,129,65,"(40.3103149985, -79.471341176)",8,Individuals with New Diagnoses HIV Disease,176,Individuals with Prevalence HIV Disease,,Non Report. Suppressed count for New Diagnoses HIV Disease among IDU,26,Individuals with Prevalence HIV Disease Among IDU,2015
Wyoming,66,42,131,66,"(41.5189248803, -76.0181300338)",,Non Report. Suppressed count for Individuals New Diagnoses HIV Disease,12,Individuals with Prevalence HIV Disease,,Non Report. Suppressed count for New Diagnoses HIV Disease among IDU,5,Individuals with  Prevalence HIV Disease Among IDU,2012
Wyoming,66,42,131,66,"(41.5189248803, -76.0181300338)",,Non Report. Suppressed count for Individuals New Diagnoses HIV Disease,12,Individuals with Prevalence HIV Disease,,Non Report. Suppressed count for New Diagnoses HIV Disease among IDU,5,Individuals with Prevalence HIV Disease Among IDU,2015
Wyoming,66,42,131,66,"(41.5189248803, -76.0181300338)",,Non Report. Suppressed count for Individuals New Diagnoses HIV Disease,12,Individuals with Prevalence HIV Disease,,Non Report. Suppressed count for New Diagnoses HIV Disease among IDU,5,Individuals with  Prevalence HIV Disease Among IDU,2016
Wyoming,66,42,131,66,"(41.5189248803, -76.0181300338)",,Non Report. Suppressed count for Individuals New Diagnoses HIV Disease,13,Individuals with Prevalence HIV Disease,,Non Report. Suppressed count for New Diagnoses HIV Disease among IDU,5,Individuals with Prevalence HIV Disease Among IDU,2013
Wyoming,66,42,131,66,"(41.5189248803, -76.0181300338)",,Non Report. Suppressed count for Individuals New Diagnoses HIV Disease,13,Individuals with Prevalence HIV Disease,,Non Report. Suppressed count for New Diagnoses HIV Disease among IDU,5,Individuals with  Prevalence HIV Disease Among IDU,2014
York,67,42,133,67,"(39.9219253124, -76.7257605231)",28,Individuals with New Diagnoses HIV Disease,773,Individuals with Prevalence HIV Disease,,Non Report. Suppressed count for New Diagnoses HIV Disease among IDU,185,Individuals with Prevalence HIV Disease Among IDU,2015
York,67,42,133,67,"(39.9219253124, -76.7257605231)",28,Individuals with New Diagnoses HIV Disease,759,Individuals with Prevalence HIV Disease,,Non Report. Suppressed count for New Diagnoses HIV Disease among IDU,189,Individuals with  Prevalence HIV Disease Among IDU,2014
York,67,42,133,67,"(39.9219253124, -76.7257605231)",39,Individuals with New Diagnoses HIV Disease,807,Individuals with Prevalence HIV Disease,7,Individuals with New Diagnoses HIV Disease among IDU,190,Individuals with Prevalence HIV Disease Among IDU,2016
York,67,42,133,67,"(39.9219253124, -76.7257605231)",23,Individuals with New Diagnoses HIV Disease,729,Individuals with Prevalence HIV Disease,,Non Report. Suppressed count for New Diagnoses HIV Disease among IDU,196,Individuals with  Prevalence HIV Disease Among IDU,2012
York,67,42,133,67,"(39.9219253124, -76.7257605231)",28,Individuals with New Diagnoses HIV Disease,748,Individuals with Prevalence HIV Disease,7,Individuals with New Diagnoses HIV Disease among IDU,196,Individuals with Prevalence HIV Disease Among IDU,2013
