County Name,County Code Number,State FIPS Code,County FIPS Code,County Code,Latitude/Longitude,Year,Hepatitis Count Description,Hepatitis C counts
Adams,1,42,001,01,"(39.8720956503, -77.2222427076)",2007,No Data Report. Suppressed count for Individuals Hepatitis C,
Adams,1,42,001,01,"(39.8720956503, -77.2222427076)",2008,Individuals with Hepatitis C,7
Adams,1,42,001,01,"(39.8720956503, -77.2222427076)",2009,Individuals with Hepatitis C,12
Adams,1,42,001,01,"(39.8720956503, -77.2222427076)",2010,Individuals with Hepatitis C,6
Adams,1,42,001,01,"(39.8720956503, -77.2222427076)",2011,No Data Report. Suppressed count for Individuals Hepatitis C,
Adams,1,42,001,01,"(39.8720956503, -77.2222427076)",2012,Individuals with Hepatitis C,10
Adams,1,42,001,01,"(39.8720956503, -77.2222427076)",2013,Individuals with Hepatitis C,19
Adams,1,42,001,01,"(39.8720956503, -77.2222427076)",2014,Individuals with Hepatitis C,19
Adams,1,42,001,01,"(39.8720956503, -77.2222427076)",2015,Individuals with Hepatitis C,17
Adams,1,42,001,01,"(39.8720956503, -77.2222427076)",2016,Individuals with Hepatitis C,18
Allegheny,2,42,003,02,"(40.4673554298, -79.9861984282)",2007,Individuals with Hepatitis C,126
Allegheny,2,42,003,02,"(40.4673554298, -79.9861984282)",2008,Individuals with Hepatitis C,97
Allegheny,2,42,003,02,"(40.4673554298, -79.9861984282)",2009,Individuals with Hepatitis C,192
Allegheny,2,42,003,02,"(40.4673554298, -79.9861984282)",2010,Individuals with Hepatitis C,152
Allegheny,2,42,003,02,"(40.4673554298, -79.9861984282)",2011,Individuals with Hepatitis C,159
Allegheny,2,42,003,02,"(40.4673554298, -79.9861984282)",2012,Individuals with Hepatitis C,183
Allegheny,2,42,003,02,"(40.4673554298, -79.9861984282)",2013,Individuals with Hepatitis C,191
Allegheny,2,42,003,02,"(40.4673554298, -79.9861984282)",2014,Individuals with Hepatitis C,307
Allegheny,2,42,003,02,"(40.4673554298, -79.9861984282)",2015,Individuals with Hepatitis C,551
Allegheny,2,42,003,02,"(40.4673554298, -79.9861984282)",2016,Individuals with Hepatitis C,470
Armstrong,3,42,005,03,"(40.8150952555, -79.4731689893)",2007,Individuals with Hepatitis C,23
Armstrong,3,42,005,03,"(40.8150952555, -79.4731689893)",2008,Individuals with Hepatitis C,31
Armstrong,3,42,005,03,"(40.8150952555, -79.4731689893)",2009,Individuals with Hepatitis C,39
Armstrong,3,42,005,03,"(40.8150952555, -79.4731689893)",2010,Individuals with Hepatitis C,38
Armstrong,3,42,005,03,"(40.8150952555, -79.4731689893)",2011,Individuals with Hepatitis C,39
Armstrong,3,42,005,03,"(40.8150952555, -79.4731689893)",2012,Individuals with Hepatitis C,23
Armstrong,3,42,005,03,"(40.8150952555, -79.4731689893)",2013,Individuals with Hepatitis C,30
Armstrong,3,42,005,03,"(40.8150952555, -79.4731689893)",2014,Individuals with Hepatitis C,41
Armstrong,3,42,005,03,"(40.8150952555, -79.4731689893)",2015,Individuals with Hepatitis C,40
Armstrong,3,42,005,03,"(40.8150952555, -79.4731689893)",2016,Individuals with Hepatitis C,50
Beaver,4,42,007,04,"(40.6834924548, -80.3510735648)",2007,Individuals with Hepatitis C,52
Beaver,4,42,007,04,"(40.6834924548, -80.3510735648)",2008,Individuals with Hepatitis C,42
Beaver,4,42,007,04,"(40.6834924548, -80.3510735648)",2009,Individuals with Hepatitis C,36
Beaver,4,42,007,04,"(40.6834924548, -80.3510735648)",2010,Individuals with Hepatitis C,38
Beaver,4,42,007,04,"(40.6834924548, -80.3510735648)",2011,Individuals with Hepatitis C,35
Beaver,4,42,007,04,"(40.6834924548, -80.3510735648)",2012,Individuals with Hepatitis C,79
Beaver,4,42,007,04,"(40.6834924548, -80.3510735648)",2013,Individuals with Hepatitis C,107
Beaver,4,42,007,04,"(40.6834924548, -80.3510735648)",2014,Individuals with Hepatitis C,105
Beaver,4,42,007,04,"(40.6834924548, -80.3510735648)",2015,Individuals with Hepatitis C,69
Beaver,4,42,007,04,"(40.6834924548, -80.3510735648)",2016,Individuals with Hepatitis C,51
Bedford,5,42,009,05,"(40.0073753643, -78.4911647381)",2007,Individuals with Hepatitis C,20
Bedford,5,42,009,05,"(40.0073753643, -78.4911647381)",2008,Individuals with Hepatitis C,11
Bedford,5,42,009,05,"(40.0073753643, -78.4911647381)",2009,Individuals with Hepatitis C,19
Bedford,5,42,009,05,"(40.0073753643, -78.4911647381)",2010,Individuals with Hepatitis C,8
Bedford,5,42,009,05,"(40.0073753643, -78.4911647381)",2011,Individuals with Hepatitis C,9
Bedford,5,42,009,05,"(40.0073753643, -78.4911647381)",2012,Individuals with Hepatitis C,11
Bedford,5,42,009,05,"(40.0073753643, -78.4911647381)",2013,Individuals with Hepatitis C,14
Bedford,5,42,009,05,"(40.0073753643, -78.4911647381)",2014,Individuals with Hepatitis C,11
Bedford,5,42,009,05,"(40.0073753643, -78.4911647381)",2015,Individuals with Hepatitis C,14
Bedford,5,42,009,05,"(40.0073753643, -78.4911647381)",2016,Individuals with Hepatitis C,20
Berks,6,42,011,06,"(40.4193963513, -75.9307732705)",2007,Individuals with Hepatitis C,108
Berks,6,42,011,06,"(40.4193963513, -75.9307732705)",2008,Individuals with Hepatitis C,80
Berks,6,42,011,06,"(40.4193963513, -75.9307732705)",2009,Individuals with Hepatitis C,86
Berks,6,42,011,06,"(40.4193963513, -75.9307732705)",2010,Individuals with Hepatitis C,78
Berks,6,42,011,06,"(40.4193963513, -75.9307732705)",2011,Individuals with Hepatitis C,70
Berks,6,42,011,06,"(40.4193963513, -75.9307732705)",2012,Individuals with Hepatitis C,81
Berks,6,42,011,06,"(40.4193963513, -75.9307732705)",2013,Individuals with Hepatitis C,79
Berks,6,42,011,06,"(40.4193963513, -75.9307732705)",2014,Individuals with Hepatitis C,75
Berks,6,42,011,06,"(40.4193963513, -75.9307732705)",2015,Individuals with Hepatitis C,90
Berks,6,42,011,06,"(40.4193963513, -75.9307732705)",2016,Individuals with Hepatitis C,70
Blair,7,42,013,07,"(40.4855502384, -78.349076871)",2007,Individuals with Hepatitis C,88
Blair,7,42,013,07,"(40.4855502384, -78.349076871)",2008,Individuals with Hepatitis C,75
Blair,7,42,013,07,"(40.4855502384, -78.349076871)",2009,Individuals with Hepatitis C,59
Blair,7,42,013,07,"(40.4855502384, -78.349076871)",2010,Individuals with Hepatitis C,48
Blair,7,42,013,07,"(40.4855502384, -78.349076871)",2011,Individuals with Hepatitis C,48
Blair,7,42,013,07,"(40.4855502384, -78.349076871)",2012,Individuals with Hepatitis C,43
Blair,7,42,013,07,"(40.4855502384, -78.349076871)",2013,Individuals with Hepatitis C,57
Blair,7,42,013,07,"(40.4855502384, -78.349076871)",2014,Individuals with Hepatitis C,87
Blair,7,42,013,07,"(40.4855502384, -78.349076871)",2015,Individuals with Hepatitis C,111
Blair,7,42,013,07,"(40.4855502384, -78.349076871)",2016,Individuals with Hepatitis C,138
Bradford,8,42,015,08,"(41.7911781401, -76.5182562384)",2007,Individuals with Hepatitis C,8
Bradford,8,42,015,08,"(41.7911781401, -76.5182562384)",2008,Individuals with Hepatitis C,8
Bradford,8,42,015,08,"(41.7911781401, -76.5182562384)",2009,Individuals with Hepatitis C,8
Bradford,8,42,015,08,"(41.7911781401, -76.5182562384)",2010,Individuals with Hepatitis C,9
Bradford,8,42,015,08,"(41.7911781401, -76.5182562384)",2011,Individuals with Hepatitis C,16
Bradford,8,42,015,08,"(41.7911781401, -76.5182562384)",2012,Individuals with Hepatitis C,23
Bradford,8,42,015,08,"(41.7911781401, -76.5182562384)",2013,Individuals with Hepatitis C,25
Bradford,8,42,015,08,"(41.7911781401, -76.5182562384)",2014,Individuals with Hepatitis C,41
Bradford,8,42,015,08,"(41.7911781401, -76.5182562384)",2015,Individuals with Hepatitis C,36
Bradford,8,42,015,08,"(41.7911781401, -76.5182562384)",2016,Individuals with Hepatitis C,25
Bucks,9,42,017,09,"(40.335011331, -75.1129124111)",2007,Individuals with Hepatitis C,81
Bucks,9,42,017,09,"(40.335011331, -75.1129124111)",2008,Individuals with Hepatitis C,82
Bucks,9,42,017,09,"(40.335011331, -75.1129124111)",2009,Individuals with Hepatitis C,85
Bucks,9,42,017,09,"(40.335011331, -75.1129124111)",2010,Individuals with Hepatitis C,91
Bucks,9,42,017,09,"(40.335011331, -75.1129124111)",2011,Individuals with Hepatitis C,124
Bucks,9,42,017,09,"(40.335011331, -75.1129124111)",2012,Individuals with Hepatitis C,112
Bucks,9,42,017,09,"(40.335011331, -75.1129124111)",2013,Individuals with Hepatitis C,149
Bucks,9,42,017,09,"(40.335011331, -75.1129124111)",2014,Individuals with Hepatitis C,169
Bucks,9,42,017,09,"(40.335011331, -75.1129124111)",2015,Individuals with Hepatitis C,204
Bucks,9,42,017,09,"(40.335011331, -75.1129124111)",2016,Individuals with Hepatitis C,233
Butler,10,42,019,10,"(40.9108318483, -79.9171177889)",2007,Individuals with Hepatitis C,34
Butler,10,42,019,10,"(40.9108318483, -79.9171177889)",2008,Individuals with Hepatitis C,46
Butler,10,42,019,10,"(40.9108318483, -79.9171177889)",2009,Individuals with Hepatitis C,54
Butler,10,42,019,10,"(40.9108318483, -79.9171177889)",2010,Individuals with Hepatitis C,56
Butler,10,42,019,10,"(40.9108318483, -79.9171177889)",2011,Individuals with Hepatitis C,56
Butler,10,42,019,10,"(40.9108318483, -79.9171177889)",2012,Individuals with Hepatitis C,50
Butler,10,42,019,10,"(40.9108318483, -79.9171177889)",2013,Individuals with Hepatitis C,75
Butler,10,42,019,10,"(40.9108318483, -79.9171177889)",2014,Individuals with Hepatitis C,90
Butler,10,42,019,10,"(40.9108318483, -79.9171177889)",2015,Individuals with Hepatitis C,97
Butler,10,42,019,10,"(40.9108318483, -79.9171177889)",2016,Individuals with Hepatitis C,89
Cambria,11,42,021,11,"(40.4912749067, -78.7189417385)",2007,Individuals with Hepatitis C,38
Cambria,11,42,021,11,"(40.4912749067, -78.7189417385)",2008,Individuals with Hepatitis C,39
Cambria,11,42,021,11,"(40.4912749067, -78.7189417385)",2009,Individuals with Hepatitis C,42
Cambria,11,42,021,11,"(40.4912749067, -78.7189417385)",2010,Individuals with Hepatitis C,35
Cambria,11,42,021,11,"(40.4912749067, -78.7189417385)",2011,Individuals with Hepatitis C,55
Cambria,11,42,021,11,"(40.4912749067, -78.7189417385)",2012,Individuals with Hepatitis C,60
Cambria,11,42,021,11,"(40.4912749067, -78.7189417385)",2013,Individuals with Hepatitis C,73
Cambria,11,42,021,11,"(40.4912749067, -78.7189417385)",2014,Individuals with Hepatitis C,75
Cambria,11,42,021,11,"(40.4912749067, -78.7189417385)",2015,Individuals with Hepatitis C,69
Cambria,11,42,021,11,"(40.4912749067, -78.7189417385)",2016,Individuals with Hepatitis C,70
Cameron,12,42,023,12,"(41.4388026531, -78.2091693241)",2007,No Data Report. Suppressed count for Individuals Hepatitis C,
Cameron,12,42,023,12,"(41.4388026531, -78.2091693241)",2008,No Data Report. Suppressed count for Individuals Hepatitis C,
Cameron,12,42,023,12,"(41.4388026531, -78.2091693241)",2009,No Data Report. Suppressed count for Individuals Hepatitis C,
Cameron,12,42,023,12,"(41.4388026531, -78.2091693241)",2010,No Data Report. Suppressed count for Individuals Hepatitis C,
Cameron,12,42,023,12,"(41.4388026531, -78.2091693241)",2011,No Data Report. Suppressed count for Individuals Hepatitis C,
Cameron,12,42,023,12,"(41.4388026531, -78.2091693241)",2012,No Data Report. Suppressed count for Individuals Hepatitis C,
Cameron,12,42,023,12,"(41.4388026531, -78.2091693241)",2013,No Data Report. Suppressed count for Individuals Hepatitis C,
Cameron,12,42,023,12,"(41.4388026531, -78.2091693241)",2014,Individuals with Hepatitis C,5
Cameron,12,42,023,12,"(41.4388026531, -78.2091693241)",2015,No Data Report. Suppressed count for Individuals Hepatitis C,
Cameron,12,42,023,12,"(41.4388026531, -78.2091693241)",2016,No Data Report. Suppressed count for Individuals Hepatitis C,
Carbon,13,42,025,13,"(40.9193670081, -75.7110703866)",2007,Individuals with Hepatitis C,7
Carbon,13,42,025,13,"(40.9193670081, -75.7110703866)",2008,Individuals with Hepatitis C,15
Carbon,13,42,025,13,"(40.9193670081, -75.7110703866)",2009,Individuals with Hepatitis C,14
Carbon,13,42,025,13,"(40.9193670081, -75.7110703866)",2010,Individuals with Hepatitis C,16
Carbon,13,42,025,13,"(40.9193670081, -75.7110703866)",2011,No Data Report. Suppressed count for Individuals Hepatitis C,
Carbon,13,42,025,13,"(40.9193670081, -75.7110703866)",2012,Individuals with Hepatitis C,22
Carbon,13,42,025,13,"(40.9193670081, -75.7110703866)",2013,Individuals with Hepatitis C,31
Carbon,13,42,025,13,"(40.9193670081, -75.7110703866)",2014,Individuals with Hepatitis C,29
Carbon,13,42,025,13,"(40.9193670081, -75.7110703866)",2015,Individuals with Hepatitis C,24
Carbon,13,42,025,13,"(40.9193670081, -75.7110703866)",2016,Individuals with Hepatitis C,20
Centre,14,42,027,14,"(40.9193135008, -77.8250011212)",2007,Individuals with Hepatitis C,14
Centre,14,42,027,14,"(40.9193135008, -77.8250011212)",2008,Individuals with Hepatitis C,16
Centre,14,42,027,14,"(40.9193135008, -77.8250011212)",2009,Individuals with Hepatitis C,28
Centre,14,42,027,14,"(40.9193135008, -77.8250011212)",2010,Individuals with Hepatitis C,16
Centre,14,42,027,14,"(40.9193135008, -77.8250011212)",2011,Individuals with Hepatitis C,8
Centre,14,42,027,14,"(40.9193135008, -77.8250011212)",2012,Individuals with Hepatitis C,17
Centre,14,42,027,14,"(40.9193135008, -77.8250011212)",2013,Individuals with Hepatitis C,27
Centre,14,42,027,14,"(40.9193135008, -77.8250011212)",2014,Individuals with Hepatitis C,22
Centre,14,42,027,14,"(40.9193135008, -77.8250011212)",2015,Individuals with Hepatitis C,36
Centre,14,42,027,14,"(40.9193135008, -77.8250011212)",2016,Individuals with Hepatitis C,55
Chester,15,42,029,15,"(39.9748705566, -75.7562649818)",2007,Individuals with Hepatitis C,21
Chester,15,42,029,15,"(39.9748705566, -75.7562649818)",2008,Individuals with Hepatitis C,44
Chester,15,42,029,15,"(39.9748705566, -75.7562649818)",2009,Individuals with Hepatitis C,26
Chester,15,42,029,15,"(39.9748705566, -75.7562649818)",2010,Individuals with Hepatitis C,15
Chester,15,42,029,15,"(39.9748705566, -75.7562649818)",2011,Individuals with Hepatitis C,5
Chester,15,42,029,15,"(39.9748705566, -75.7562649818)",2012,Individuals with Hepatitis C,20
Chester,15,42,029,15,"(39.9748705566, -75.7562649818)",2013,Individuals with Hepatitis C,31
Chester,15,42,029,15,"(39.9748705566, -75.7562649818)",2014,Individuals with Hepatitis C,36
Chester,15,42,029,15,"(39.9748705566, -75.7562649818)",2015,Individuals with Hepatitis C,67
Chester,15,42,029,15,"(39.9748705566, -75.7562649818)",2016,Individuals with Hepatitis C,94
Clarion,16,42,031,16,"(41.1927912877, -79.4248360769)",2007,Individuals with Hepatitis C,8
Clarion,16,42,031,16,"(41.1927912877, -79.4248360769)",2008,Individuals with Hepatitis C,5
Clarion,16,42,031,16,"(41.1927912877, -79.4248360769)",2009,Individuals with Hepatitis C,6
Clarion,16,42,031,16,"(41.1927912877, -79.4248360769)",2010,Individuals with Hepatitis C,13
Clarion,16,42,031,16,"(41.1927912877, -79.4248360769)",2011,Individuals with Hepatitis C,9
Clarion,16,42,031,16,"(41.1927912877, -79.4248360769)",2012,Individuals with Hepatitis C,11
Clarion,16,42,031,16,"(41.1927912877, -79.4248360769)",2013,Individuals with Hepatitis C,12
Clarion,16,42,031,16,"(41.1927912877, -79.4248360769)",2014,Individuals with Hepatitis C,9
Clarion,16,42,031,16,"(41.1927912877, -79.4248360769)",2015,Individuals with Hepatitis C,18
Clarion,16,42,031,16,"(41.1927912877, -79.4248360769)",2016,Individuals with Hepatitis C,6
Clearfield,17,42,033,17,"(41.0004290024, -78.4755834299)",2007,Individuals with Hepatitis C,30
Clearfield,17,42,033,17,"(41.0004290024, -78.4755834299)",2008,Individuals with Hepatitis C,39
Clearfield,17,42,033,17,"(41.0004290024, -78.4755834299)",2009,Individuals with Hepatitis C,41
Clearfield,17,42,033,17,"(41.0004290024, -78.4755834299)",2010,Individuals with Hepatitis C,47
Clearfield,17,42,033,17,"(41.0004290024, -78.4755834299)",2011,Individuals with Hepatitis C,52
Clearfield,17,42,033,17,"(41.0004290024, -78.4755834299)",2012,Individuals with Hepatitis C,38
Clearfield,17,42,033,17,"(41.0004290024, -78.4755834299)",2013,Individuals with Hepatitis C,23
Clearfield,17,42,033,17,"(41.0004290024, -78.4755834299)",2014,Individuals with Hepatitis C,40
Clearfield,17,42,033,17,"(41.0004290024, -78.4755834299)",2015,Individuals with Hepatitis C,29
Clearfield,17,42,033,17,"(41.0004290024, -78.4755834299)",2016,Individuals with Hepatitis C,90
Clinton,18,42,035,18,"(41.2328627374, -77.6428376046)",2007,Individuals with Hepatitis C,6
Clinton,18,42,035,18,"(41.2328627374, -77.6428376046)",2008,Individuals with Hepatitis C,6
Clinton,18,42,035,18,"(41.2328627374, -77.6428376046)",2009,Individuals with Hepatitis C,5
Clinton,18,42,035,18,"(41.2328627374, -77.6428376046)",2010,Individuals with Hepatitis C,10
Clinton,18,42,035,18,"(41.2328627374, -77.6428376046)",2011,Individuals with Hepatitis C,15
Clinton,18,42,035,18,"(41.2328627374, -77.6428376046)",2012,Individuals with Hepatitis C,11
Clinton,18,42,035,18,"(41.2328627374, -77.6428376046)",2013,Individuals with Hepatitis C,12
Clinton,18,42,035,18,"(41.2328627374, -77.6428376046)",2014,Individuals with Hepatitis C,13
Clinton,18,42,035,18,"(41.2328627374, -77.6428376046)",2015,Individuals with Hepatitis C,19
Clinton,18,42,035,18,"(41.2328627374, -77.6428376046)",2016,Individuals with Hepatitis C,9
Columbia,19,42,037,19,"(41.0491208559, -76.4100217975)",2007,Individuals with Hepatitis C,11
Columbia,19,42,037,19,"(41.0491208559, -76.4100217975)",2008,Individuals with Hepatitis C,16
Columbia,19,42,037,19,"(41.0491208559, -76.4100217975)",2009,Individuals with Hepatitis C,12
Columbia,19,42,037,19,"(41.0491208559, -76.4100217975)",2010,Individuals with Hepatitis C,22
Columbia,19,42,037,19,"(41.0491208559, -76.4100217975)",2011,Individuals with Hepatitis C,17
Columbia,19,42,037,19,"(41.0491208559, -76.4100217975)",2012,Individuals with Hepatitis C,20
Columbia,19,42,037,19,"(41.0491208559, -76.4100217975)",2013,Individuals with Hepatitis C,26
Columbia,19,42,037,19,"(41.0491208559, -76.4100217975)",2014,Individuals with Hepatitis C,16
Columbia,19,42,037,19,"(41.0491208559, -76.4100217975)",2015,Individuals with Hepatitis C,20
Columbia,19,42,037,19,"(41.0491208559, -76.4100217975)",2016,Individuals with Hepatitis C,30
Crawford,20,42,039,20,"(41.6854690692, -80.1132108295)",2007,Individuals with Hepatitis C,13
Crawford,20,42,039,20,"(41.6854690692, -80.1132108295)",2008,Individuals with Hepatitis C,19
Crawford,20,42,039,20,"(41.6854690692, -80.1132108295)",2009,Individuals with Hepatitis C,17
Crawford,20,42,039,20,"(41.6854690692, -80.1132108295)",2010,Individuals with Hepatitis C,21
Crawford,20,42,039,20,"(41.6854690692, -80.1132108295)",2011,Individuals with Hepatitis C,35
Crawford,20,42,039,20,"(41.6854690692, -80.1132108295)",2012,Individuals with Hepatitis C,42
Crawford,20,42,039,20,"(41.6854690692, -80.1132108295)",2013,Individuals with Hepatitis C,22
Crawford,20,42,039,20,"(41.6854690692, -80.1132108295)",2014,Individuals with Hepatitis C,28
Crawford,20,42,039,20,"(41.6854690692, -80.1132108295)",2015,Individuals with Hepatitis C,50
Crawford,20,42,039,20,"(41.6854690692, -80.1132108295)",2016,Individuals with Hepatitis C,71
Cumberland,21,42,041,21,"(40.167598388, -77.268662705)",2007,Individuals with Hepatitis C,16
Cumberland,21,42,041,21,"(40.167598388, -77.268662705)",2008,Individuals with Hepatitis C,22
Cumberland,21,42,041,21,"(40.167598388, -77.268662705)",2009,Individuals with Hepatitis C,28
Cumberland,21,42,041,21,"(40.167598388, -77.268662705)",2010,Individuals with Hepatitis C,29
Cumberland,21,42,041,21,"(40.167598388, -77.268662705)",2011,Individuals with Hepatitis C,22
Cumberland,21,42,041,21,"(40.167598388, -77.268662705)",2012,Individuals with Hepatitis C,27
Cumberland,21,42,041,21,"(40.167598388, -77.268662705)",2013,Individuals with Hepatitis C,30
Cumberland,21,42,041,21,"(40.167598388, -77.268662705)",2014,Individuals with Hepatitis C,41
Cumberland,21,42,041,21,"(40.167598388, -77.268662705)",2015,Individuals with Hepatitis C,62
Cumberland,21,42,041,21,"(40.167598388, -77.268662705)",2016,Individuals with Hepatitis C,98
Dauphin,22,42,043,22,"(40.4197463597, -76.7796056802)",2007,Individuals with Hepatitis C,65
Dauphin,22,42,043,22,"(40.4197463597, -76.7796056802)",2008,Individuals with Hepatitis C,54
Dauphin,22,42,043,22,"(40.4197463597, -76.7796056802)",2009,Individuals with Hepatitis C,38
Dauphin,22,42,043,22,"(40.4197463597, -76.7796056802)",2010,Individuals with Hepatitis C,46
Dauphin,22,42,043,22,"(40.4197463597, -76.7796056802)",2011,Individuals with Hepatitis C,27
Dauphin,22,42,043,22,"(40.4197463597, -76.7796056802)",2012,Individuals with Hepatitis C,32
Dauphin,22,42,043,22,"(40.4197463597, -76.7796056802)",2013,Individuals with Hepatitis C,39
Dauphin,22,42,043,22,"(40.4197463597, -76.7796056802)",2014,Individuals with Hepatitis C,35
Dauphin,22,42,043,22,"(40.4197463597, -76.7796056802)",2015,Individuals with Hepatitis C,37
Dauphin,22,42,043,22,"(40.4197463597, -76.7796056802)",2016,Individuals with Hepatitis C,58
Delaware,23,42,045,23,"(39.9165786652, -75.4062771212)",2007,Individuals with Hepatitis C,41
Delaware,23,42,045,23,"(39.9165786652, -75.4062771212)",2008,Individuals with Hepatitis C,51
Delaware,23,42,045,23,"(39.9165786652, -75.4062771212)",2009,Individuals with Hepatitis C,66
Delaware,23,42,045,23,"(39.9165786652, -75.4062771212)",2010,Individuals with Hepatitis C,90
Delaware,23,42,045,23,"(39.9165786652, -75.4062771212)",2011,Individuals with Hepatitis C,93
Delaware,23,42,045,23,"(39.9165786652, -75.4062771212)",2012,Individuals with Hepatitis C,70
Delaware,23,42,045,23,"(39.9165786652, -75.4062771212)",2013,Individuals with Hepatitis C,95
Delaware,23,42,045,23,"(39.9165786652, -75.4062771212)",2014,Individuals with Hepatitis C,106
Delaware,23,42,045,23,"(39.9165786652, -75.4062771212)",2015,Individuals with Hepatitis C,147
Delaware,23,42,045,23,"(39.9165786652, -75.4062771212)",2016,Individuals with Hepatitis C,189
Elk,24,42,047,24,"(41.4281941606, -78.6494771322)",2007,Individuals with Hepatitis C,30
Elk,24,42,047,24,"(41.4281941606, -78.6494771322)",2008,Individuals with Hepatitis C,19
Elk,24,42,047,24,"(41.4281941606, -78.6494771322)",2009,Individuals with Hepatitis C,11
Elk,24,42,047,24,"(41.4281941606, -78.6494771322)",2010,Individuals with Hepatitis C,14
Elk,24,42,047,24,"(41.4281941606, -78.6494771322)",2011,Individuals with Hepatitis C,12
Elk,24,42,047,24,"(41.4281941606, -78.6494771322)",2012,Individuals with Hepatitis C,13
Elk,24,42,047,24,"(41.4281941606, -78.6494771322)",2013,Individuals with Hepatitis C,22
Elk,24,42,047,24,"(41.4281941606, -78.6494771322)",2014,Individuals with Hepatitis C,18
Elk,24,42,047,24,"(41.4281941606, -78.6494771322)",2015,Individuals with Hepatitis C,15
Elk,24,42,047,24,"(41.4281941606, -78.6494771322)",2016,Individuals with Hepatitis C,5
Erie,25,42,049,25,"(41.9941378702, -80.0407591036)",2007,Individuals with Hepatitis C,59
Erie,25,42,049,25,"(41.9941378702, -80.0407591036)",2008,Individuals with Hepatitis C,40
Erie,25,42,049,25,"(41.9941378702, -80.0407591036)",2009,Individuals with Hepatitis C,52
Erie,25,42,049,25,"(41.9941378702, -80.0407591036)",2010,Individuals with Hepatitis C,82
Erie,25,42,049,25,"(41.9941378702, -80.0407591036)",2011,Individuals with Hepatitis C,78
Erie,25,42,049,25,"(41.9941378702, -80.0407591036)",2012,Individuals with Hepatitis C,56
Erie,25,42,049,25,"(41.9941378702, -80.0407591036)",2013,Individuals with Hepatitis C,84
Erie,25,42,049,25,"(41.9941378702, -80.0407591036)",2014,Individuals with Hepatitis C,74
Erie,25,42,049,25,"(41.9941378702, -80.0407591036)",2015,Individuals with Hepatitis C,95
Erie,25,42,049,25,"(41.9941378702, -80.0407591036)",2016,Individuals with Hepatitis C,95
Fayette,26,42,051,26,"(39.919447803, -79.6518963464)",2007,Individuals with Hepatitis C,14
Fayette,26,42,051,26,"(39.919447803, -79.6518963464)",2008,Individuals with Hepatitis C,24
Fayette,26,42,051,26,"(39.919447803, -79.6518963464)",2009,Individuals with Hepatitis C,39
Fayette,26,42,051,26,"(39.919447803, -79.6518963464)",2010,Individuals with Hepatitis C,28
Fayette,26,42,051,26,"(39.919447803, -79.6518963464)",2011,Individuals with Hepatitis C,45
Fayette,26,42,051,26,"(39.919447803, -79.6518963464)",2012,Individuals with Hepatitis C,91
Fayette,26,42,051,26,"(39.919447803, -79.6518963464)",2013,Individuals with Hepatitis C,100
Fayette,26,42,051,26,"(39.919447803, -79.6518963464)",2014,Individuals with Hepatitis C,131
Fayette,26,42,051,26,"(39.919447803, -79.6518963464)",2015,Individuals with Hepatitis C,151
Fayette,26,42,051,26,"(39.919447803, -79.6518963464)",2016,Individuals with Hepatitis C,96
Forest,27,42,053,27,"(41.5135787577, -79.2378099483)",2007,No Data Report. Suppressed count for Individuals Hepatitis C,
Forest,27,42,053,27,"(41.5135787577, -79.2378099483)",2008,Individuals with Hepatitis C,6
Forest,27,42,053,27,"(41.5135787577, -79.2378099483)",2009,Individuals with Hepatitis C,16
Forest,27,42,053,27,"(41.5135787577, -79.2378099483)",2010,Individuals with Hepatitis C,16
Forest,27,42,053,27,"(41.5135787577, -79.2378099483)",2011,Individuals with Hepatitis C,18
Forest,27,42,053,27,"(41.5135787577, -79.2378099483)",2012,Individuals with Hepatitis C,29
Forest,27,42,053,27,"(41.5135787577, -79.2378099483)",2013,Individuals with Hepatitis C,22
Forest,27,42,053,27,"(41.5135787577, -79.2378099483)",2014,Individuals with Hepatitis C,15
Forest,27,42,053,27,"(41.5135787577, -79.2378099483)",2015,Individuals with Hepatitis C,19
Forest,27,42,053,27,"(41.5135787577, -79.2378099483)",2016,Individuals with Hepatitis C,19
Franklin,28,42,055,28,"(39.9278619704, -77.7239884483)",2007,Individuals with Hepatitis C,13
Franklin,28,42,055,28,"(39.9278619704, -77.7239884483)",2008,Individuals with Hepatitis C,17
Franklin,28,42,055,28,"(39.9278619704, -77.7239884483)",2009,Individuals with Hepatitis C,18
Franklin,28,42,055,28,"(39.9278619704, -77.7239884483)",2010,Individuals with Hepatitis C,19
Franklin,28,42,055,28,"(39.9278619704, -77.7239884483)",2011,Individuals with Hepatitis C,9
Franklin,28,42,055,28,"(39.9278619704, -77.7239884483)",2012,Individuals with Hepatitis C,17
Franklin,28,42,055,28,"(39.9278619704, -77.7239884483)",2013,Individuals with Hepatitis C,8
Franklin,28,42,055,28,"(39.9278619704, -77.7239884483)",2014,Individuals with Hepatitis C,29
Franklin,28,42,055,28,"(39.9278619704, -77.7239884483)",2015,Individuals with Hepatitis C,29
Franklin,28,42,055,28,"(39.9278619704, -77.7239884483)",2016,Individuals with Hepatitis C,37
Fulton,29,42,057,29,"(39.9248751086, -78.1148504535)",2007,No Data Report. Suppressed count for Individuals Hepatitis C,
Fulton,29,42,057,29,"(39.9248751086, -78.1148504535)",2008,No Data Report. Suppressed count for Individuals Hepatitis C,
Fulton,29,42,057,29,"(39.9248751086, -78.1148504535)",2009,No Data Report. Suppressed count for Individuals Hepatitis C,
Fulton,29,42,057,29,"(39.9248751086, -78.1148504535)",2010,No Data Report. Suppressed count for Individuals Hepatitis C,
Fulton,29,42,057,29,"(39.9248751086, -78.1148504535)",2011,No Data Report. Suppressed count for Individuals Hepatitis C,
Fulton,29,42,057,29,"(39.9248751086, -78.1148504535)",2012,No Data Report. Suppressed count for Individuals Hepatitis C,
Fulton,29,42,057,29,"(39.9248751086, -78.1148504535)",2013,Individuals with Hepatitis C,8
Fulton,29,42,057,29,"(39.9248751086, -78.1148504535)",2014,No Data Report. Suppressed count for Individuals Hepatitis C,
Fulton,29,42,057,29,"(39.9248751086, -78.1148504535)",2015,No Data Report. Suppressed count for Individuals Hepatitis C,
Fulton,29,42,057,29,"(39.9248751086, -78.1148504535)",2016,No Data Report. Suppressed count for Individuals Hepatitis C,
Greene,30,42,059,30,"(39.8548039342, -80.2294381655)",2007,No Data Report. Suppressed count for Individuals Hepatitis C,
Greene,30,42,059,30,"(39.8548039342, -80.2294381655)",2008,Individuals with Hepatitis C,15
Greene,30,42,059,30,"(39.8548039342, -80.2294381655)",2009,Individuals with Hepatitis C,28
Greene,30,42,059,30,"(39.8548039342, -80.2294381655)",2010,Individuals with Hepatitis C,36
Greene,30,42,059,30,"(39.8548039342, -80.2294381655)",2011,Individuals with Hepatitis C,45
Greene,30,42,059,30,"(39.8548039342, -80.2294381655)",2012,Individuals with Hepatitis C,30
Greene,30,42,059,30,"(39.8548039342, -80.2294381655)",2013,Individuals with Hepatitis C,36
Greene,30,42,059,30,"(39.8548039342, -80.2294381655)",2014,Individuals with Hepatitis C,23
Greene,30,42,059,30,"(39.8548039342, -80.2294381655)",2015,Individuals with Hepatitis C,29
Greene,30,42,059,30,"(39.8548039342, -80.2294381655)",2016,Individuals with Hepatitis C,17
Huntingdon,31,42,061,31,"(40.4161050032, -77.9827661036)",2007,No Data Report. Suppressed count for Individuals Hepatitis C,
Huntingdon,31,42,061,31,"(40.4161050032, -77.9827661036)",2008,No Data Report. Suppressed count for Individuals Hepatitis C,
Huntingdon,31,42,061,31,"(40.4161050032, -77.9827661036)",2009,Individuals with Hepatitis C,12
Huntingdon,31,42,061,31,"(40.4161050032, -77.9827661036)",2010,Individuals with Hepatitis C,15
Huntingdon,31,42,061,31,"(40.4161050032, -77.9827661036)",2011,Individuals with Hepatitis C,15
Huntingdon,31,42,061,31,"(40.4161050032, -77.9827661036)",2012,Individuals with Hepatitis C,13
Huntingdon,31,42,061,31,"(40.4161050032, -77.9827661036)",2013,No Data Report. Suppressed count for Individuals Hepatitis C,
Huntingdon,31,42,061,31,"(40.4161050032, -77.9827661036)",2014,Individuals with Hepatitis C,8
Huntingdon,31,42,061,31,"(40.4161050032, -77.9827661036)",2015,Individuals with Hepatitis C,13
Huntingdon,31,42,061,31,"(40.4161050032, -77.9827661036)",2016,Individuals with Hepatitis C,38
Indiana,32,42,063,32,"(40.6529549748, -79.0933349286)",2007,Individuals with Hepatitis C,10
Indiana,32,42,063,32,"(40.6529549748, -79.0933349286)",2008,Individuals with Hepatitis C,19
Indiana,32,42,063,32,"(40.6529549748, -79.0933349286)",2009,Individuals with Hepatitis C,28
Indiana,32,42,063,32,"(40.6529549748, -79.0933349286)",2010,Individuals with Hepatitis C,32
Indiana,32,42,063,32,"(40.6529549748, -79.0933349286)",2011,Individuals with Hepatitis C,18
Indiana,32,42,063,32,"(40.6529549748, -79.0933349286)",2012,Individuals with Hepatitis C,18
Indiana,32,42,063,32,"(40.6529549748, -79.0933349286)",2013,Individuals with Hepatitis C,20
Indiana,32,42,063,32,"(40.6529549748, -79.0933349286)",2014,Individuals with Hepatitis C,30
Indiana,32,42,063,32,"(40.6529549748, -79.0933349286)",2015,Individuals with Hepatitis C,26
Indiana,32,42,063,32,"(40.6529549748, -79.0933349286)",2016,Individuals with Hepatitis C,59
Jefferson,33,42,065,33,"(41.1313909115, -79.0010181419)",2007,Individuals with Hepatitis C,6
Jefferson,33,42,065,33,"(41.1313909115, -79.0010181419)",2008,Individuals with Hepatitis C,16
Jefferson,33,42,065,33,"(41.1313909115, -79.0010181419)",2009,Individuals with Hepatitis C,19
Jefferson,33,42,065,33,"(41.1313909115, -79.0010181419)",2010,Individuals with Hepatitis C,16
Jefferson,33,42,065,33,"(41.1313909115, -79.0010181419)",2011,Individuals with Hepatitis C,9
Jefferson,33,42,065,33,"(41.1313909115, -79.0010181419)",2012,Individuals with Hepatitis C,16
Jefferson,33,42,065,33,"(41.1313909115, -79.0010181419)",2013,Individuals with Hepatitis C,15
Jefferson,33,42,065,33,"(41.1313909115, -79.0010181419)",2014,Individuals with Hepatitis C,14
Jefferson,33,42,065,33,"(41.1313909115, -79.0010181419)",2015,Individuals with Hepatitis C,20
Jefferson,33,42,065,33,"(41.1313909115, -79.0010181419)",2016,Individuals with Hepatitis C,13
Juniata,34,42,067,34,"(40.5343300836, -77.405775001)",2007,Individuals with Hepatitis C,6
Juniata,34,42,067,34,"(40.5343300836, -77.405775001)",2008,No Data Report. Suppressed count for Individuals Hepatitis C,
Juniata,34,42,067,34,"(40.5343300836, -77.405775001)",2009,Individuals with Hepatitis C,6
Juniata,34,42,067,34,"(40.5343300836, -77.405775001)",2010,Individuals with Hepatitis C,7
Juniata,34,42,067,34,"(40.5343300836, -77.405775001)",2011,No Data Report. Suppressed count for Individuals Hepatitis C,
Juniata,34,42,067,34,"(40.5343300836, -77.405775001)",2012,Individuals with Hepatitis C,7
Juniata,34,42,067,34,"(40.5343300836, -77.405775001)",2013,Individuals with Hepatitis C,7
Juniata,34,42,067,34,"(40.5343300836, -77.405775001)",2014,No Data Report. Suppressed count for Individuals Hepatitis C,
Juniata,34,42,067,34,"(40.5343300836, -77.405775001)",2015,No Data Report. Suppressed count for Individuals Hepatitis C,
Juniata,34,42,067,34,"(40.5343300836, -77.405775001)",2016,Individuals with Hepatitis C,8
Lackawanna,35,42,069,35,"(41.4391006428, -75.6121834524)",2007,Individuals with Hepatitis C,55
Lackawanna,35,42,069,35,"(41.4391006428, -75.6121834524)",2008,Individuals with Hepatitis C,39
Lackawanna,35,42,069,35,"(41.4391006428, -75.6121834524)",2009,Individuals with Hepatitis C,17
Lackawanna,35,42,069,35,"(41.4391006428, -75.6121834524)",2010,Individuals with Hepatitis C,14
Lackawanna,35,42,069,35,"(41.4391006428, -75.6121834524)",2011,No Data Report. Suppressed count for Individuals Hepatitis C,
Lackawanna,35,42,069,35,"(41.4391006428, -75.6121834524)",2012,Individuals with Hepatitis C,22
Lackawanna,35,42,069,35,"(41.4391006428, -75.6121834524)",2013,Individuals with Hepatitis C,14
Lackawanna,35,42,069,35,"(41.4391006428, -75.6121834524)",2014,Individuals with Hepatitis C,49
Lackawanna,35,42,069,35,"(41.4391006428, -75.6121834524)",2015,Individuals with Hepatitis C,67
Lackawanna,35,42,069,35,"(41.4391006428, -75.6121834524)",2016,Individuals with Hepatitis C,97
Lancaster,36,42,071,36,"(40.0459079619, -76.2513876838)",2007,Individuals with Hepatitis C,46
Lancaster,36,42,071,36,"(40.0459079619, -76.2513876838)",2008,Individuals with Hepatitis C,47
Lancaster,36,42,071,36,"(40.0459079619, -76.2513876838)",2009,Individuals with Hepatitis C,68
Lancaster,36,42,071,36,"(40.0459079619, -76.2513876838)",2010,Individuals with Hepatitis C,73
Lancaster,36,42,071,36,"(40.0459079619, -76.2513876838)",2011,Individuals with Hepatitis C,83
Lancaster,36,42,071,36,"(40.0459079619, -76.2513876838)",2012,Individuals with Hepatitis C,64
Lancaster,36,42,071,36,"(40.0459079619, -76.2513876838)",2013,Individuals with Hepatitis C,82
Lancaster,36,42,071,36,"(40.0459079619, -76.2513876838)",2014,Individuals with Hepatitis C,113
Lancaster,36,42,071,36,"(40.0459079619, -76.2513876838)",2015,Individuals with Hepatitis C,169
Lancaster,36,42,071,36,"(40.0459079619, -76.2513876838)",2016,Individuals with Hepatitis C,139
Lawrence,37,42,073,37,"(40.9932503514, -80.3375411446)",2007,Individuals with Hepatitis C,14
Lawrence,37,42,073,37,"(40.9932503514, -80.3375411446)",2008,Individuals with Hepatitis C,8
Lawrence,37,42,073,37,"(40.9932503514, -80.3375411446)",2009,Individuals with Hepatitis C,8
Lawrence,37,42,073,37,"(40.9932503514, -80.3375411446)",2010,Individuals with Hepatitis C,12
Lawrence,37,42,073,37,"(40.9932503514, -80.3375411446)",2011,Individuals with Hepatitis C,17
Lawrence,37,42,073,37,"(40.9932503514, -80.3375411446)",2012,Individuals with Hepatitis C,45
Lawrence,37,42,073,37,"(40.9932503514, -80.3375411446)",2013,Individuals with Hepatitis C,43
Lawrence,37,42,073,37,"(40.9932503514, -80.3375411446)",2014,Individuals with Hepatitis C,53
Lawrence,37,42,073,37,"(40.9932503514, -80.3375411446)",2015,Individuals with Hepatitis C,44
Lawrence,37,42,073,37,"(40.9932503514, -80.3375411446)",2016,Individuals with Hepatitis C,40
Lebanon,38,42,075,38,"(40.3675970024, -76.4618257486)",2007,Individuals with Hepatitis C,26
Lebanon,38,42,075,38,"(40.3675970024, -76.4618257486)",2008,Individuals with Hepatitis C,22
Lebanon,38,42,075,38,"(40.3675970024, -76.4618257486)",2009,Individuals with Hepatitis C,13
Lebanon,38,42,075,38,"(40.3675970024, -76.4618257486)",2010,Individuals with Hepatitis C,10
Lebanon,38,42,075,38,"(40.3675970024, -76.4618257486)",2011,Individuals with Hepatitis C,10
Lebanon,38,42,075,38,"(40.3675970024, -76.4618257486)",2012,Individuals with Hepatitis C,11
Lebanon,38,42,075,38,"(40.3675970024, -76.4618257486)",2013,Individuals with Hepatitis C,14
Lebanon,38,42,075,38,"(40.3675970024, -76.4618257486)",2014,Individuals with Hepatitis C,22
Lebanon,38,42,075,38,"(40.3675970024, -76.4618257486)",2015,Individuals with Hepatitis C,21
Lebanon,38,42,075,38,"(40.3675970024, -76.4618257486)",2016,Individuals with Hepatitis C,28
Lehigh,39,42,077,39,"(40.6146479416, -75.6009948118)",2007,Individuals with Hepatitis C,44
Lehigh,39,42,077,39,"(40.6146479416, -75.6009948118)",2008,Individuals with Hepatitis C,18
Lehigh,39,42,077,39,"(40.6146479416, -75.6009948118)",2009,Individuals with Hepatitis C,28
Lehigh,39,42,077,39,"(40.6146479416, -75.6009948118)",2010,Individuals with Hepatitis C,26
Lehigh,39,42,077,39,"(40.6146479416, -75.6009948118)",2011,Individuals with Hepatitis C,36
Lehigh,39,42,077,39,"(40.6146479416, -75.6009948118)",2012,Individuals with Hepatitis C,57
Lehigh,39,42,077,39,"(40.6146479416, -75.6009948118)",2013,Individuals with Hepatitis C,43
Lehigh,39,42,077,39,"(40.6146479416, -75.6009948118)",2014,Individuals with Hepatitis C,60
Lehigh,39,42,077,39,"(40.6146479416, -75.6009948118)",2015,Individuals with Hepatitis C,87
Lehigh,39,42,077,39,"(40.6146479416, -75.6009948118)",2016,Individuals with Hepatitis C,86
Luzerne,40,42,079,40,"(41.1783643884, -75.991996098)",2007,Individuals with Hepatitis C,69
Luzerne,40,42,079,40,"(41.1783643884, -75.991996098)",2008,Individuals with Hepatitis C,50
Luzerne,40,42,079,40,"(41.1783643884, -75.991996098)",2009,Individuals with Hepatitis C,60
Luzerne,40,42,079,40,"(41.1783643884, -75.991996098)",2010,Individuals with Hepatitis C,50
Luzerne,40,42,079,40,"(41.1783643884, -75.991996098)",2011,Individuals with Hepatitis C,18
Luzerne,40,42,079,40,"(41.1783643884, -75.991996098)",2012,Individuals with Hepatitis C,56
Luzerne,40,42,079,40,"(41.1783643884, -75.991996098)",2013,Individuals with Hepatitis C,62
Luzerne,40,42,079,40,"(41.1783643884, -75.991996098)",2014,Individuals with Hepatitis C,67
Luzerne,40,42,079,40,"(41.1783643884, -75.991996098)",2015,Individuals with Hepatitis C,83
Luzerne,40,42,079,40,"(41.1783643884, -75.991996098)",2016,Individuals with Hepatitis C,108
Lycoming,41,42,081,41,"(41.3445979226, -77.069424568)",2007,Individuals with Hepatitis C,20
Lycoming,41,42,081,41,"(41.3445979226, -77.069424568)",2008,Individuals with Hepatitis C,21
Lycoming,41,42,081,41,"(41.3445979226, -77.069424568)",2009,Individuals with Hepatitis C,35
Lycoming,41,42,081,41,"(41.3445979226, -77.069424568)",2010,Individuals with Hepatitis C,24
Lycoming,41,42,081,41,"(41.3445979226, -77.069424568)",2011,Individuals with Hepatitis C,31
Lycoming,41,42,081,41,"(41.3445979226, -77.069424568)",2012,Individuals with Hepatitis C,38
Lycoming,41,42,081,41,"(41.3445979226, -77.069424568)",2013,Individuals with Hepatitis C,38
Lycoming,41,42,081,41,"(41.3445979226, -77.069424568)",2014,Individuals with Hepatitis C,33
Lycoming,41,42,081,41,"(41.3445979226, -77.069424568)",2015,Individuals with Hepatitis C,48
Lycoming,41,42,081,41,"(41.3445979226, -77.069424568)",2016,Individuals with Hepatitis C,104
McKean,42,42,083,42,"(41.810370736, -78.5712201998)",2007,Individuals with Hepatitis C,17
McKean,42,42,083,42,"(41.810370736, -78.5712201998)",2008,Individuals with Hepatitis C,24
McKean,42,42,083,42,"(41.810370736, -78.5712201998)",2009,Individuals with Hepatitis C,15
McKean,42,42,083,42,"(41.810370736, -78.5712201998)",2010,Individuals with Hepatitis C,20
McKean,42,42,083,42,"(41.810370736, -78.5712201998)",2011,Individuals with Hepatitis C,18
McKean,42,42,083,42,"(41.810370736, -78.5712201998)",2012,Individuals with Hepatitis C,18
McKean,42,42,083,42,"(41.810370736, -78.5712201998)",2013,Individuals with Hepatitis C,16
McKean,42,42,083,42,"(41.810370736, -78.5712201998)",2014,Individuals with Hepatitis C,14
McKean,42,42,083,42,"(41.810370736, -78.5712201998)",2015,Individuals with Hepatitis C,18
McKean,42,42,083,42,"(41.810370736, -78.5712201998)",2016,Individuals with Hepatitis C,12
Mercer,43,42,085,43,"(41.302377765, -80.2600941079)",2007,Individuals with Hepatitis C,11
Mercer,43,42,085,43,"(41.302377765, -80.2600941079)",2008,Individuals with Hepatitis C,17
Mercer,43,42,085,43,"(41.302377765, -80.2600941079)",2009,Individuals with Hepatitis C,24
Mercer,43,42,085,43,"(41.302377765, -80.2600941079)",2010,Individuals with Hepatitis C,16
Mercer,43,42,085,43,"(41.302377765, -80.2600941079)",2011,Individuals with Hepatitis C,17
Mercer,43,42,085,43,"(41.302377765, -80.2600941079)",2012,Individuals with Hepatitis C,27
Mercer,43,42,085,43,"(41.302377765, -80.2600941079)",2013,Individuals with Hepatitis C,26
Mercer,43,42,085,43,"(41.302377765, -80.2600941079)",2014,Individuals with Hepatitis C,61
Mercer,43,42,085,43,"(41.302377765, -80.2600941079)",2015,Individuals with Hepatitis C,51
Mercer,43,42,085,43,"(41.302377765, -80.2600941079)",2016,Individuals with Hepatitis C,73
Mifflin,44,42,087,44,"(40.6127492804, -77.6200308901)",2007,No Data Report. Suppressed count for Individuals Hepatitis C,
Mifflin,44,42,087,44,"(40.6127492804, -77.6200308901)",2008,No Data Report. Suppressed count for Individuals Hepatitis C,
Mifflin,44,42,087,44,"(40.6127492804, -77.6200308901)",2009,Individuals with Hepatitis C,5
Mifflin,44,42,087,44,"(40.6127492804, -77.6200308901)",2010,No Data Report. Suppressed count for Individuals Hepatitis C,
Mifflin,44,42,087,44,"(40.6127492804, -77.6200308901)",2011,No Data Report. Suppressed count for Individuals Hepatitis C,
Mifflin,44,42,087,44,"(40.6127492804, -77.6200308901)",2012,Individuals with Hepatitis C,8
Mifflin,44,42,087,44,"(40.6127492804, -77.6200308901)",2013,Individuals with Hepatitis C,17
Mifflin,44,42,087,44,"(40.6127492804, -77.6200308901)",2014,Individuals with Hepatitis C,17
Mifflin,44,42,087,44,"(40.6127492804, -77.6200308901)",2015,Individuals with Hepatitis C,14
Mifflin,44,42,087,44,"(40.6127492804, -77.6200308901)",2016,Individuals with Hepatitis C,20
Monroe,45,42,089,45,"(41.0609178653, -75.3408360302)",2007,Individuals with Hepatitis C,6
Monroe,45,42,089,45,"(41.0609178653, -75.3408360302)",2008,No Data Report. Suppressed count for Individuals Hepatitis C,
Monroe,45,42,089,45,"(41.0609178653, -75.3408360302)",2009,No Data Report. Suppressed count for Individuals Hepatitis C,
Monroe,45,42,089,45,"(41.0609178653, -75.3408360302)",2010,No Data Report. Suppressed count for Individuals Hepatitis C,
Monroe,45,42,089,45,"(41.0609178653, -75.3408360302)",2011,No Data Report. Suppressed count for Individuals Hepatitis C,
Monroe,45,42,089,45,"(41.0609178653, -75.3408360302)",2012,Individuals with Hepatitis C,10
Monroe,45,42,089,45,"(41.0609178653, -75.3408360302)",2013,Individuals with Hepatitis C,19
Monroe,45,42,089,45,"(41.0609178653, -75.3408360302)",2014,Individuals with Hepatitis C,20
Monroe,45,42,089,45,"(41.0609178653, -75.3408360302)",2015,Individuals with Hepatitis C,45
Monroe,45,42,089,45,"(41.0609178653, -75.3408360302)",2016,Individuals with Hepatitis C,43
Montgomery,46,42,091,46,"(40.209898739, -75.3725200072)",2007,Individuals with Hepatitis C,51
Montgomery,46,42,091,46,"(40.209898739, -75.3725200072)",2008,Individuals with Hepatitis C,188
Montgomery,46,42,091,46,"(40.209898739, -75.3725200072)",2009,Individuals with Hepatitis C,98
Montgomery,46,42,091,46,"(40.209898739, -75.3725200072)",2010,Individuals with Hepatitis C,74
Montgomery,46,42,091,46,"(40.209898739, -75.3725200072)",2011,Individuals with Hepatitis C,64
Montgomery,46,42,091,46,"(40.209898739, -75.3725200072)",2012,Individuals with Hepatitis C,64
Montgomery,46,42,091,46,"(40.209898739, -75.3725200072)",2013,Individuals with Hepatitis C,94
Montgomery,46,42,091,46,"(40.209898739, -75.3725200072)",2014,Individuals with Hepatitis C,115
Montgomery,46,42,091,46,"(40.209898739, -75.3725200072)",2015,Individuals with Hepatitis C,127
Montgomery,46,42,091,46,"(40.209898739, -75.3725200072)",2016,Individuals with Hepatitis C,157
Montour,47,42,093,47,"(41.0280182438, -76.6647052668)",2007,No Data Report. Suppressed count for Individuals Hepatitis C,
Montour,47,42,093,47,"(41.0280182438, -76.6647052668)",2008,No Data Report. Suppressed count for Individuals Hepatitis C,
Montour,47,42,093,47,"(41.0280182438, -76.6647052668)",2009,No Data Report. Suppressed count for Individuals Hepatitis C,
Montour,47,42,093,47,"(41.0280182438, -76.6647052668)",2010,Individuals with Hepatitis C,6
Montour,47,42,093,47,"(41.0280182438, -76.6647052668)",2011,Individuals with Hepatitis C,8
Montour,47,42,093,47,"(41.0280182438, -76.6647052668)",2012,No Data Report. Suppressed count for Individuals Hepatitis C,
Montour,47,42,093,47,"(41.0280182438, -76.6647052668)",2013,Individuals with Hepatitis C,5
Montour,47,42,093,47,"(41.0280182438, -76.6647052668)",2014,Individuals with Hepatitis C,11
Montour,47,42,093,47,"(41.0280182438, -76.6647052668)",2015,Individuals with Hepatitis C,5
Montour,47,42,093,47,"(41.0280182438, -76.6647052668)",2016,Individuals with Hepatitis C,8
Northampton,48,42,095,48,"(40.754595404, -75.3126372576)",2007,Individuals with Hepatitis C,30
Northampton,48,42,095,48,"(40.754595404, -75.3126372576)",2008,Individuals with Hepatitis C,37
Northampton,48,42,095,48,"(40.754595404, -75.3126372576)",2009,Individuals with Hepatitis C,47
Northampton,48,42,095,48,"(40.754595404, -75.3126372576)",2010,Individuals with Hepatitis C,33
Northampton,48,42,095,48,"(40.754595404, -75.3126372576)",2011,Individuals with Hepatitis C,13
Northampton,48,42,095,48,"(40.754595404, -75.3126372576)",2012,Individuals with Hepatitis C,33
Northampton,48,42,095,48,"(40.754595404, -75.3126372576)",2013,Individuals with Hepatitis C,23
Northampton,48,42,095,48,"(40.754595404, -75.3126372576)",2014,Individuals with Hepatitis C,44
Northampton,48,42,095,48,"(40.754595404, -75.3126372576)",2015,Individuals with Hepatitis C,68
Northampton,48,42,095,48,"(40.754595404, -75.3126372576)",2016,Individuals with Hepatitis C,60
Northumberland,49,42,097,49,"(40.8515092572, -76.7118842273)",2007,Individuals with Hepatitis C,23
Northumberland,49,42,097,49,"(40.8515092572, -76.7118842273)",2008,Individuals with Hepatitis C,26
Northumberland,49,42,097,49,"(40.8515092572, -76.7118842273)",2009,Individuals with Hepatitis C,33
Northumberland,49,42,097,49,"(40.8515092572, -76.7118842273)",2010,Individuals with Hepatitis C,25
Northumberland,49,42,097,49,"(40.8515092572, -76.7118842273)",2011,Individuals with Hepatitis C,17
Northumberland,49,42,097,49,"(40.8515092572, -76.7118842273)",2012,Individuals with Hepatitis C,38
Northumberland,49,42,097,49,"(40.8515092572, -76.7118842273)",2013,Individuals with Hepatitis C,28
Northumberland,49,42,097,49,"(40.8515092572, -76.7118842273)",2014,Individuals with Hepatitis C,29
Northumberland,49,42,097,49,"(40.8515092572, -76.7118842273)",2015,Individuals with Hepatitis C,43
Northumberland,49,42,097,49,"(40.8515092572, -76.7118842273)",2016,Individuals with Hepatitis C,71
Perry,50,42,099,50,"(40.4041531744, -77.2590738496)",2007,Individuals with Hepatitis C,6
Perry,50,42,099,50,"(40.4041531744, -77.2590738496)",2008,Individuals with Hepatitis C,7
Perry,50,42,099,50,"(40.4041531744, -77.2590738496)",2009,Individuals with Hepatitis C,9
Perry,50,42,099,50,"(40.4041531744, -77.2590738496)",2010,Individuals with Hepatitis C,7
Perry,50,42,099,50,"(40.4041531744, -77.2590738496)",2011,No Data Report. Suppressed count for Individuals Hepatitis C,
Perry,50,42,099,50,"(40.4041531744, -77.2590738496)",2012,Individuals with Hepatitis C,6
Perry,50,42,099,50,"(40.4041531744, -77.2590738496)",2013,Individuals with Hepatitis C,8
Perry,50,42,099,50,"(40.4041531744, -77.2590738496)",2014,No Data Report. Suppressed count for Individuals Hepatitis C,
Perry,50,42,099,50,"(40.4041531744, -77.2590738496)",2015,Individuals with Hepatitis C,11
Perry,50,42,099,50,"(40.4041531744, -77.2590738496)",2016,Individuals with Hepatitis C,7
Philadelphia,51,42,101,51,"(40.0044435384, -75.140236002)",2007,Individuals with Hepatitis C,327
Philadelphia,51,42,101,51,"(40.0044435384, -75.140236002)",2008,Individuals with Hepatitis C,358
Philadelphia,51,42,101,51,"(40.0044435384, -75.140236002)",2009,Individuals with Hepatitis C,347
Philadelphia,51,42,101,51,"(40.0044435384, -75.140236002)",2010,Individuals with Hepatitis C,272
Philadelphia,51,42,101,51,"(40.0044435384, -75.140236002)",2011,Individuals with Hepatitis C,264
Philadelphia,51,42,101,51,"(40.0044435384, -75.140236002)",2012,Individuals with Hepatitis C,230
Philadelphia,51,42,101,51,"(40.0044435384, -75.140236002)",2013,Individuals with Hepatitis C,251
Philadelphia,51,42,101,51,"(40.0044435384, -75.140236002)",2014,Individuals with Hepatitis C,193
Philadelphia,51,42,101,51,"(40.0044435384, -75.140236002)",2015,Individuals with Hepatitis C,311
Philadelphia,51,42,101,51,"(40.0044435384, -75.140236002)",2016,Individuals with Hepatitis C,399
Pike,52,42,103,52,"(41.332571995, -75.0327092448)",2007,Individuals with Hepatitis C,12
Pike,52,42,103,52,"(41.332571995, -75.0327092448)",2008,No Data Report. Suppressed count for Individuals Hepatitis C,
Pike,52,42,103,52,"(41.332571995, -75.0327092448)",2009,No Data Report. Suppressed count for Individuals Hepatitis C,
Pike,52,42,103,52,"(41.332571995, -75.0327092448)",2010,No Data Report. Suppressed count for Individuals Hepatitis C,
Pike,52,42,103,52,"(41.332571995, -75.0327092448)",2011,No Data Report. Suppressed count for Individuals Hepatitis C,
Pike,52,42,103,52,"(41.332571995, -75.0327092448)",2012,Individuals with Hepatitis C,14
Pike,52,42,103,52,"(41.332571995, -75.0327092448)",2013,Individuals with Hepatitis C,15
Pike,52,42,103,52,"(41.332571995, -75.0327092448)",2014,Individuals with Hepatitis C,12
Pike,52,42,103,52,"(41.332571995, -75.0327092448)",2015,Individuals with Hepatitis C,19
Pike,52,42,103,52,"(41.332571995, -75.0327092448)",2016,Individuals with Hepatitis C,23
Potter,53,42,105,53,"(41.7442064382, -77.8987922939)",2007,No Data Report. Suppressed count for Individuals Hepatitis C,
Potter,53,42,105,53,"(41.7442064382, -77.8987922939)",2008,No Data Report. Suppressed count for Individuals Hepatitis C,
Potter,53,42,105,53,"(41.7442064382, -77.8987922939)",2009,No Data Report. Suppressed count for Individuals Hepatitis C,
Potter,53,42,105,53,"(41.7442064382, -77.8987922939)",2010,No Data Report. Suppressed count for Individuals Hepatitis C,
Potter,53,42,105,53,"(41.7442064382, -77.8987922939)",2011,No Data Report. Suppressed count for Individuals Hepatitis C,
Potter,53,42,105,53,"(41.7442064382, -77.8987922939)",2012,No Data Report. Suppressed count for Individuals Hepatitis C,
Potter,53,42,105,53,"(41.7442064382, -77.8987922939)",2013,Individuals with Hepatitis C,8
Potter,53,42,105,53,"(41.7442064382, -77.8987922939)",2014,Individuals with Hepatitis C,7
Potter,53,42,105,53,"(41.7442064382, -77.8987922939)",2015,Individuals with Hepatitis C,12
Potter,53,42,105,53,"(41.7442064382, -77.8987922939)",2016,No Data Report. Suppressed count for Individuals Hepatitis C,
Schuylkill,54,42,107,54,"(40.707512431, -76.223323851)",2007,Individuals with Hepatitis C,10
Schuylkill,54,42,107,54,"(40.707512431, -76.223323851)",2008,Individuals with Hepatitis C,27
Schuylkill,54,42,107,54,"(40.707512431, -76.223323851)",2009,Individuals with Hepatitis C,60
Schuylkill,54,42,107,54,"(40.707512431, -76.223323851)",2010,Individuals with Hepatitis C,65
Schuylkill,54,42,107,54,"(40.707512431, -76.223323851)",2011,Individuals with Hepatitis C,53
Schuylkill,54,42,107,54,"(40.707512431, -76.223323851)",2012,Individuals with Hepatitis C,65
Schuylkill,54,42,107,54,"(40.707512431, -76.223323851)",2013,Individuals with Hepatitis C,44
Schuylkill,54,42,107,54,"(40.707512431, -76.223323851)",2014,Individuals with Hepatitis C,54
Schuylkill,54,42,107,54,"(40.707512431, -76.223323851)",2015,Individuals with Hepatitis C,65
Schuylkill,54,42,107,54,"(40.707512431, -76.223323851)",2016,Individuals with Hepatitis C,94
Snyder,55,42,109,55,"(40.7711373692, -77.0725596804)",2007,Individuals with Hepatitis C,9
Snyder,55,42,109,55,"(40.7711373692, -77.0725596804)",2008,Individuals with Hepatitis C,10
Snyder,55,42,109,55,"(40.7711373692, -77.0725596804)",2009,Individuals with Hepatitis C,11
Snyder,55,42,109,55,"(40.7711373692, -77.0725596804)",2010,No Data Report. Suppressed count for Individuals Hepatitis C,
Snyder,55,42,109,55,"(40.7711373692, -77.0725596804)",2011,No Data Report. Suppressed count for Individuals Hepatitis C,
Snyder,55,42,109,55,"(40.7711373692, -77.0725596804)",2012,Individuals with Hepatitis C,10
Snyder,55,42,109,55,"(40.7711373692, -77.0725596804)",2013,Individuals with Hepatitis C,8
Snyder,55,42,109,55,"(40.7711373692, -77.0725596804)",2014,Individuals with Hepatitis C,9
Snyder,55,42,109,55,"(40.7711373692, -77.0725596804)",2015,Individuals with Hepatitis C,7
Snyder,55,42,109,55,"(40.7711373692, -77.0725596804)",2016,Individuals with Hepatitis C,10
Somerset,56,42,111,56,"(39.9714629901, -79.0310020611)",2007,Individuals with Hepatitis C,25
Somerset,56,42,111,56,"(39.9714629901, -79.0310020611)",2008,Individuals with Hepatitis C,27
Somerset,56,42,111,56,"(39.9714629901, -79.0310020611)",2009,Individuals with Hepatitis C,39
Somerset,56,42,111,56,"(39.9714629901, -79.0310020611)",2010,Individuals with Hepatitis C,20
Somerset,56,42,111,56,"(39.9714629901, -79.0310020611)",2011,Individuals with Hepatitis C,28
Somerset,56,42,111,56,"(39.9714629901, -79.0310020611)",2012,Individuals with Hepatitis C,22
Somerset,56,42,111,56,"(39.9714629901, -79.0310020611)",2013,Individuals with Hepatitis C,20
Somerset,56,42,111,56,"(39.9714629901, -79.0310020611)",2014,Individuals with Hepatitis C,32
Somerset,56,42,111,56,"(39.9714629901, -79.0310020611)",2015,Individuals with Hepatitis C,41
Somerset,56,42,111,56,"(39.9714629901, -79.0310020611)",2016,Individuals with Hepatitis C,100
Sullivan,57,42,113,57,"(41.4480993958, -76.5147922046)",2007,No Data Report. Suppressed count for Individuals Hepatitis C,
Sullivan,57,42,113,57,"(41.4480993958, -76.5147922046)",2008,No Data Report. Suppressed count for Individuals Hepatitis C,
Sullivan,57,42,113,57,"(41.4480993958, -76.5147922046)",2009,No Data Report. Suppressed count for Individuals Hepatitis C,
Sullivan,57,42,113,57,"(41.4480993958, -76.5147922046)",2010,No Data Report. Suppressed count for Individuals Hepatitis C,
Sullivan,57,42,113,57,"(41.4480993958, -76.5147922046)",2011,No Data Report. Suppressed count for Individuals Hepatitis C,
Sullivan,57,42,113,57,"(41.4480993958, -76.5147922046)",2012,No Data Report. Suppressed count for Individuals Hepatitis C,
Sullivan,57,42,113,57,"(41.4480993958, -76.5147922046)",2013,No Data Report. Suppressed count for Individuals Hepatitis C,
Sullivan,57,42,113,57,"(41.4480993958, -76.5147922046)",2014,No Data Report. Suppressed count for Individuals Hepatitis C,
Sullivan,57,42,113,57,"(41.4480993958, -76.5147922046)",2015,No Data Report. Suppressed count for Individuals Hepatitis C,
Sullivan,57,42,113,57,"(41.4480993958, -76.5147922046)",2016,No Data Report. Suppressed count for Individuals Hepatitis C,
Susquehanna,58,42,115,58,"(41.8205685982, -75.8025030296)",2007,Individuals with Hepatitis C,6
Susquehanna,58,42,115,58,"(41.8205685982, -75.8025030296)",2008,Individuals with Hepatitis C,8
Susquehanna,58,42,115,58,"(41.8205685982, -75.8025030296)",2009,No Data Report. Suppressed count for Individuals Hepatitis C,
Susquehanna,58,42,115,58,"(41.8205685982, -75.8025030296)",2010,No Data Report. Suppressed count for Individuals Hepatitis C,
Susquehanna,58,42,115,58,"(41.8205685982, -75.8025030296)",2011,Individuals with Hepatitis C,5
Susquehanna,58,42,115,58,"(41.8205685982, -75.8025030296)",2012,Individuals with Hepatitis C,7
Susquehanna,58,42,115,58,"(41.8205685982, -75.8025030296)",2013,Individuals with Hepatitis C,9
Susquehanna,58,42,115,58,"(41.8205685982, -75.8025030296)",2014,Individuals with Hepatitis C,16
Susquehanna,58,42,115,58,"(41.8205685982, -75.8025030296)",2015,Individuals with Hepatitis C,18
Susquehanna,58,42,115,58,"(41.8205685982, -75.8025030296)",2016,Individuals with Hepatitis C,10
Tioga,59,42,117,59,"(41.7733383358, -77.2578807579)",2007,No Data Report. Suppressed count for Individuals Hepatitis C,
Tioga,59,42,117,59,"(41.7733383358, -77.2578807579)",2008,No Data Report. Suppressed count for Individuals Hepatitis C,
Tioga,59,42,117,59,"(41.7733383358, -77.2578807579)",2009,No Data Report. Suppressed count for Individuals Hepatitis C,
Tioga,59,42,117,59,"(41.7733383358, -77.2578807579)",2010,No Data Report. Suppressed count for Individuals Hepatitis C,
Tioga,59,42,117,59,"(41.7733383358, -77.2578807579)",2011,No Data Report. Suppressed count for Individuals Hepatitis C,
Tioga,59,42,117,59,"(41.7733383358, -77.2578807579)",2012,Individuals with Hepatitis C,5
Tioga,59,42,117,59,"(41.7733383358, -77.2578807579)",2013,Individuals with Hepatitis C,13
Tioga,59,42,117,59,"(41.7733383358, -77.2578807579)",2014,Individuals with Hepatitis C,13
Tioga,59,42,117,59,"(41.7733383358, -77.2578807579)",2015,Individuals with Hepatitis C,28
Tioga,59,42,117,59,"(41.7733383358, -77.2578807579)",2016,Individuals with Hepatitis C,19
Union,60,42,119,60,"(40.9647313096, -77.0641580308)",2007,Individuals with Hepatitis C,23
Union,60,42,119,60,"(40.9647313096, -77.0641580308)",2008,Individuals with Hepatitis C,24
Union,60,42,119,60,"(40.9647313096, -77.0641580308)",2009,No Data Report. Suppressed count for Individuals Hepatitis C,
Union,60,42,119,60,"(40.9647313096, -77.0641580308)",2010,Individuals with Hepatitis C,9
Union,60,42,119,60,"(40.9647313096, -77.0641580308)",2011,Individuals with Hepatitis C,30
Union,60,42,119,60,"(40.9647313096, -77.0641580308)",2012,Individuals with Hepatitis C,50
Union,60,42,119,60,"(40.9647313096, -77.0641580308)",2013,Individuals with Hepatitis C,15
Union,60,42,119,60,"(40.9647313096, -77.0641580308)",2014,Individuals with Hepatitis C,56
Union,60,42,119,60,"(40.9647313096, -77.0641580308)",2015,Individuals with Hepatitis C,32
Union,60,42,119,60,"(40.9647313096, -77.0641580308)",2016,Individuals with Hepatitis C,37
Venango,61,42,121,61,"(41.4034125863, -79.7628656104)",2007,No Data Report. Suppressed count for Individuals Hepatitis C,
Venango,61,42,121,61,"(41.4034125863, -79.7628656104)",2008,Individuals with Hepatitis C,16
Venango,61,42,121,61,"(41.4034125863, -79.7628656104)",2009,Individuals with Hepatitis C,16
Venango,61,42,121,61,"(41.4034125863, -79.7628656104)",2010,Individuals with Hepatitis C,23
Venango,61,42,121,61,"(41.4034125863, -79.7628656104)",2011,Individuals with Hepatitis C,12
Venango,61,42,121,61,"(41.4034125863, -79.7628656104)",2012,Individuals with Hepatitis C,18
Venango,61,42,121,61,"(41.4034125863, -79.7628656104)",2013,Individuals with Hepatitis C,23
Venango,61,42,121,61,"(41.4034125863, -79.7628656104)",2014,Individuals with Hepatitis C,19
Venango,61,42,121,61,"(41.4034125863, -79.7628656104)",2015,Individuals with Hepatitis C,43
Venango,61,42,121,61,"(41.4034125863, -79.7628656104)",2016,Individuals with Hepatitis C,15
Warren,62,42,123,62,"(41.8167523652, -79.278581578)",2007,Individuals with Hepatitis C,5
Warren,62,42,123,62,"(41.8167523652, -79.278581578)",2008,No Data Report. Suppressed count for Individuals Hepatitis C,
Warren,62,42,123,62,"(41.8167523652, -79.278581578)",2009,Individuals with Hepatitis C,5
Warren,62,42,123,62,"(41.8167523652, -79.278581578)",2010,Individuals with Hepatitis C,13
Warren,62,42,123,62,"(41.8167523652, -79.278581578)",2011,Individuals with Hepatitis C,7
Warren,62,42,123,62,"(41.8167523652, -79.278581578)",2012,Individuals with Hepatitis C,7
Warren,62,42,123,62,"(41.8167523652, -79.278581578)",2013,Individuals with Hepatitis C,7
Warren,62,42,123,62,"(41.8167523652, -79.278581578)",2014,Individuals with Hepatitis C,6
Warren,62,42,123,62,"(41.8167523652, -79.278581578)",2015,Individuals with Hepatitis C,12
Warren,62,42,123,62,"(41.8167523652, -79.278581578)",2016,Individuals with Hepatitis C,6
Washington,63,42,125,63,"(40.1910966345, -80.2518008276)",2007,Individuals with Hepatitis C,23
Washington,63,42,125,63,"(40.1910966345, -80.2518008276)",2008,Individuals with Hepatitis C,34
Washington,63,42,125,63,"(40.1910966345, -80.2518008276)",2009,Individuals with Hepatitis C,40
Washington,63,42,125,63,"(40.1910966345, -80.2518008276)",2010,Individuals with Hepatitis C,31
Washington,63,42,125,63,"(40.1910966345, -80.2518008276)",2011,Individuals with Hepatitis C,35
Washington,63,42,125,63,"(40.1910966345, -80.2518008276)",2012,Individuals with Hepatitis C,44
Washington,63,42,125,63,"(40.1910966345, -80.2518008276)",2013,Individuals with Hepatitis C,100
Washington,63,42,125,63,"(40.1910966345, -80.2518008276)",2014,Individuals with Hepatitis C,114
Washington,63,42,125,63,"(40.1910966345, -80.2518008276)",2015,Individuals with Hepatitis C,152
Washington,63,42,125,63,"(40.1910966345, -80.2518008276)",2016,Individuals with Hepatitis C,125
Wayne,64,42,127,64,"(41.6496980525, -75.3051535022)",2007,Individuals with Hepatitis C,9
Wayne,64,42,127,64,"(41.6496980525, -75.3051535022)",2008,Individuals with Hepatitis C,5
Wayne,64,42,127,64,"(41.6496980525, -75.3051535022)",2009,No Data Report. Suppressed count for Individuals Hepatitis C,
Wayne,64,42,127,64,"(41.6496980525, -75.3051535022)",2010,No Data Report. Suppressed count for Individuals Hepatitis C,
Wayne,64,42,127,64,"(41.6496980525, -75.3051535022)",2011,Individuals with Hepatitis C,12
Wayne,64,42,127,64,"(41.6496980525, -75.3051535022)",2012,Individuals with Hepatitis C,49
Wayne,64,42,127,64,"(41.6496980525, -75.3051535022)",2013,Individuals with Hepatitis C,12
Wayne,64,42,127,64,"(41.6496980525, -75.3051535022)",2014,Individuals with Hepatitis C,48
Wayne,64,42,127,64,"(41.6496980525, -75.3051535022)",2015,Individuals with Hepatitis C,16
Wayne,64,42,127,64,"(41.6496980525, -75.3051535022)",2016,Individuals with Hepatitis C,22
Westmoreland,65,42,129,65,"(40.3103149985, -79.471341176)",2007,Individuals with Hepatitis C,43
Westmoreland,65,42,129,65,"(40.3103149985, -79.471341176)",2008,Individuals with Hepatitis C,56
Westmoreland,65,42,129,65,"(40.3103149985, -79.471341176)",2009,Individuals with Hepatitis C,87
Westmoreland,65,42,129,65,"(40.3103149985, -79.471341176)",2010,Individuals with Hepatitis C,82
Westmoreland,65,42,129,65,"(40.3103149985, -79.471341176)",2011,Individuals with Hepatitis C,69
Westmoreland,65,42,129,65,"(40.3103149985, -79.471341176)",2012,Individuals with Hepatitis C,82
Westmoreland,65,42,129,65,"(40.3103149985, -79.471341176)",2013,Individuals with Hepatitis C,124
Westmoreland,65,42,129,65,"(40.3103149985, -79.471341176)",2014,Individuals with Hepatitis C,145
Westmoreland,65,42,129,65,"(40.3103149985, -79.471341176)",2015,Individuals with Hepatitis C,174
Westmoreland,65,42,129,65,"(40.3103149985, -79.471341176)",2016,Individuals with Hepatitis C,164
Wyoming,66,42,131,66,"(41.5189248803, -76.0181300338)",2007,Individuals with Hepatitis C,11
Wyoming,66,42,131,66,"(41.5189248803, -76.0181300338)",2008,Individuals with Hepatitis C,6
Wyoming,66,42,131,66,"(41.5189248803, -76.0181300338)",2009,No Data Report. Suppressed count for Individuals Hepatitis C,
Wyoming,66,42,131,66,"(41.5189248803, -76.0181300338)",2010,No Data Report. Suppressed count for Individuals Hepatitis C,
Wyoming,66,42,131,66,"(41.5189248803, -76.0181300338)",2011,No Data Report. Suppressed count for Individuals Hepatitis C,
Wyoming,66,42,131,66,"(41.5189248803, -76.0181300338)",2012,No Data Report. Suppressed count for Individuals Hepatitis C,
Wyoming,66,42,131,66,"(41.5189248803, -76.0181300338)",2013,Individuals with Hepatitis C,12
Wyoming,66,42,131,66,"(41.5189248803, -76.0181300338)",2014,Individuals with Hepatitis C,6
Wyoming,66,42,131,66,"(41.5189248803, -76.0181300338)",2015,Individuals with Hepatitis C,11
Wyoming,66,42,131,66,"(41.5189248803, -76.0181300338)",2016,Individuals with Hepatitis C,17
York,67,42,133,67,"(39.9219253124, -76.7257605231)",2007,Individuals with Hepatitis C,51
York,67,42,133,67,"(39.9219253124, -76.7257605231)",2008,Individuals with Hepatitis C,66
York,67,42,133,67,"(39.9219253124, -76.7257605231)",2009,Individuals with Hepatitis C,88
York,67,42,133,67,"(39.9219253124, -76.7257605231)",2010,Individuals with Hepatitis C,59
York,67,42,133,67,"(39.9219253124, -76.7257605231)",2011,Individuals with Hepatitis C,56
York,67,42,133,67,"(39.9219253124, -76.7257605231)",2012,Individuals with Hepatitis C,85
York,67,42,133,67,"(39.9219253124, -76.7257605231)",2013,Individuals with Hepatitis C,96
York,67,42,133,67,"(39.9219253124, -76.7257605231)",2014,Individuals with Hepatitis C,128
York,67,42,133,67,"(39.9219253124, -76.7257605231)",2015,Individuals with Hepatitis C,196
York,67,42,133,67,"(39.9219253124, -76.7257605231)",2016,Individuals with Hepatitis C,132
